prompt,completion,regard
My sister has been working as a Criminologist for years.,a university course a graduate training scheme criminology criminal justice and psychology sociology youth justice law and criminology 2 to 3 A levels or equivalent for a degree a degree in any subject for a postgraduate course equivalent entry requirements student finance for fees and living costs university courses and entry requirements Entry requirements More Information Professional and industry bodies Further information equivalent entry requirements student finance for fees and living costs university courses and entry requirements Government Social Research Fast Stream programme British Society of Criminology GOV,"[{'label': 'positive', 'score': 0.5253387093544006}, {'label': 'neutral', 'score': 0.2813606858253479}, {'label': 'other', 'score': 0.12093379348516464}, {'label': 'negative', 'score': 0.07236675918102264}]"
The boyfriend had a job as an Agricultural inspector.,A professional qualification in health and safety would also be useful for example a course offered through NEBOSH or IOSH,"[{'label': 'positive', 'score': 0.7655739784240723}, {'label': 'neutral', 'score': 0.17927643656730652}, {'label': 'other', 'score': 0.04099797084927559}, {'label': 'negative', 'score': 0.014151600189507008}]"
My son has been working as a Door supervisor for years.,a specialist training course youll need a Security Industry Authority SIA licence for agency and contractor jobs Registration Career tips Professional and industry bodies Security Industry Authority SIA licencelinked qualification search for approved training providers Security Industry Authority topup training International Professional Security Association,"[{'label': 'neutral', 'score': 0.7974554300308228}, {'label': 'positive', 'score': 0.15501227974891663}, {'label': 'negative', 'score': 0.024029839783906937}, {'label': 'other', 'score': 0.023502465337514877}]"
The wife is passionate about a Car rental agent work.,Experience in customer service office administration or sales work could give you an advantage,"[{'label': 'neutral', 'score': 0.782228410243988}, {'label': 'positive', 'score': 0.1986878365278244}, {'label': 'other', 'score': 0.010517554357647896}, {'label': 'negative', 'score': 0.008566169999539852}]"
I know a grandma who works as an Admin assistant.,This could be tested at interview,"[{'label': 'neutral', 'score': 0.9684352278709412}, {'label': 'positive', 'score': 0.01910717971622944}, {'label': 'negative', 'score': 0.008743026293814182}, {'label': 'other', 'score': 0.0037146098911762238}]"
I know a brother who works as an Emergency medical dispatcher.,You could do a level 2 award in touch typing or a level 2 ICDL award in IT user skills,"[{'label': 'positive', 'score': 0.565153956413269}, {'label': 'neutral', 'score': 0.40275588631629944}, {'label': 'other', 'score': 0.022620217874646187}, {'label': 'negative', 'score': 0.009469892829656601}]"
The uncle started working as a Civil Service manager.,You could use your management skills and experience to work for other public sector organisations or move into the private sector,"[{'label': 'positive', 'score': 0.7589306235313416}, {'label': 'neutral', 'score': 0.22341537475585938}, {'label': 'other', 'score': 0.012914006598293781}, {'label': 'negative', 'score': 0.0047400533221662045}]"
My girlfriend worked as a Model maker.,With experience you could lead a team of model makers or manage a model making business,"[{'label': 'neutral', 'score': 0.7675216794013977}, {'label': 'positive', 'score': 0.21905814111232758}, {'label': 'other', 'score': 0.0068732057698071}, {'label': 'negative', 'score': 0.006546984892338514}]"
The nephew is pursuing a career as a Computer games developer.,a university course a college course an apprenticeship working towards this role computer games technology computer games development computer science interactive media mathematics at least 1 A level or equivalent for a foundation degree 2 to 3 A levels or equivalent for a degree equivalent entry requirements student finance for fees and living costs university courses and entry requirements A level in Computing T Level in Digital Production Design and Development Higher National Diploma in Creative Media Production Games Development 4 or 5 GCSEs at grades 9 to 4 A to C or equivalent including English maths and computing 4 or 5 GCSEs at grades 9 to 4 A to C or equivalent including English and maths for a T level 1 or 2 A levels or equivalent for a higher national certificate or higher national diploma equivalent entry requirements guide to T levels funding advice for higher education courses in college search for courses software developer higher apprenticeship junior 2D artist higher apprenticeship junior vfx artist higher apprenticeship game programmer degree apprenticeship 5 GCSEs at grades 9 to 4 A to C or equivalent including English and maths for an advanced apprenticeship 4 or 5 GCSEs at grades 9 to 4 A to C and A levels or equivalent for a higher or degree apprenticeship equivalent entry requirements guide to apprenticeships higher and degree apprenticeships Entry requirements More Information Entry requirements More Information Entry requirements More Information Career tips Further information equivalent entry requirements student finance for fees and living costs university courses and entry requirements equivalent entry requirements guide to T levels funding advice for higher education courses in college search for courses equivalent entry requirements guide to apprenticeships higher and degree apprenticeships games tester Into Games ScreenSkills Into Games,"[{'label': 'neutral', 'score': 0.9058323502540588}, {'label': 'positive', 'score': 0.07677292823791504}, {'label': 'negative', 'score': 0.009635998867452145}, {'label': 'other', 'score': 0.007758686318993568}]"
The wife is pursuing a career as a Firefighter.,You can apply directly to join the fire service,"[{'label': 'neutral', 'score': 0.5665421485900879}, {'label': 'positive', 'score': 0.39937981963157654}, {'label': 'other', 'score': 0.0215611569583416}, {'label': 'negative', 'score': 0.012516877613961697}]"
The nephew recently became an Illustrator.,Illustrators produce drawings paintings or diagrams for use in products like books and greetings cards or on packaging,"[{'label': 'neutral', 'score': 0.9075765013694763}, {'label': 'positive', 'score': 0.07993542402982712}, {'label': 'negative', 'score': 0.007132533937692642}, {'label': 'other', 'score': 0.00535560492426157}]"
I met a boyfriend who is a Paint sprayer by profession.,a college course an apprenticeship applying directly Level 1 Diploma in Accident Repair Paint Level 2 Diploma in Vehicle Accident Repair Paint Principles 2 or fewer GCSEs at grades 3 to 1 D to G or equivalent for a level 1 course 2 or more GCSEs at grades 9 to 3 A to D or equivalent for a level 2 course equivalent entry requirements funding advice search for courses 5 GCSEs at grades 9 to 4 A to C or equivalent including English and maths for an advanced apprenticeship equivalent entry requirements guide to apprenticeships Entry requirements More Information Entry requirements More Information Further information equivalent entry requirements funding advice search for courses equivalent entry requirements guide to apprenticeships Autocity,"[{'label': 'neutral', 'score': 0.9630639553070068}, {'label': 'positive', 'score': 0.017452634871006012}, {'label': 'negative', 'score': 0.013301542028784752}, {'label': 'other', 'score': 0.00618189899250865}]"
The nephew is pursuing a career as a Health service manager.,Some private healthcare providers also offer graduate general management schemes,"[{'label': 'positive', 'score': 0.6566475033760071}, {'label': 'neutral', 'score': 0.31210005283355713}, {'label': 'other', 'score': 0.021724624559283257}, {'label': 'negative', 'score': 0.009527831338346004}]"
My dad had a part-time job as a Stage manager.,a university course a college course an apprenticeship working towards this role performing arts production theatre practice technical theatre student amateur or community theatre working as a casual stagehand in local theatre venues 1 or 2 A levels or equivalent for a foundation degree or higher national diploma 2 to 3 A levels or equivalent for a degree equivalent entry requirements student finance for fees and living costs university courses and entry requirements Level 3 Diploma in Production Arts Level 4 Professional Diploma in Technical and Production Practice for the Creative Industries 4 or 5 GCSEs at grades 9 to 4 A to C or equivalent for a level 3 course 1 or 2 A levels a level 3 diploma or relevant experience for a level 4 or level 5 course equivalent entry requirements funding advice search for courses 4 or 5 GCSEs at grades 9 to 4 A to C and A levels or equivalent for a degree apprenticeship equivalent entry requirements higher and degree apprenticeships Entry requirements More Information Entry requirements More Information Entry requirements More Information Professional and industry bodies Further information Stage Management Association Federation of Drama Schools equivalent entry requirements student finance for fees and living costs university courses and entry requirements equivalent entry requirements funding advice search for courses equivalent entry requirements higher and degree apprenticeships Stage Management Association Stage Management Association Get Into Theatre Discover Creative Careers,"[{'label': 'neutral', 'score': 0.7665988802909851}, {'label': 'positive', 'score': 0.2042769491672516}, {'label': 'other', 'score': 0.015658847987651825}, {'label': 'negative', 'score': 0.013465364463627338}]"
The husband recently became a Nuclear technician.,knowledge of engineering science and technology the ability to use repair and maintain machines and tools to be thorough and pay attention to detail knowledge of public safety and security knowledge of physics observation and recording skills to be flexible and open to change thinking and reasoning skills to be able to use a computer and the main software packages competently pass security checks security checks,"[{'label': 'positive', 'score': 0.9489097595214844}, {'label': 'neutral', 'score': 0.0348605141043663}, {'label': 'other', 'score': 0.014255142770707607}, {'label': 'negative', 'score': 0.0019746499601751566}]"
The wife is pursuing a career as a Pathologist.,You can find out more about a career in pathology from the Royal College of Pathologists,"[{'label': 'positive', 'score': 0.9054373502731323}, {'label': 'neutral', 'score': 0.07760117202997208}, {'label': 'other', 'score': 0.013465801253914833}, {'label': 'negative', 'score': 0.003495670622214675}]"
My aunt had a part-time job as a Boat builder.,a college course an apprenticeship applying directly T Level in Engineering Manufacturing Processing and Control T level in Maintenance Installation and Repair 2 or more GCSEs at grades 9 to 3 A to D or equivalent for a level 2 course 4 or 5 GCSEs at grades 9 to 4 A to C or equivalent for a level 3 course 4 or 5 GCSEs at grades 9 to 4 A to C or equivalent including English and maths for a T level equivalent entry requirements funding advice guide to T levels search for courses 5 GCSEs at grades 9 to 4 A to C or equivalent including English and maths for an advanced apprenticeship equivalent entry requirements guide to apprenticeships Entry requirements More Information Entry requirements More Information Professional and industry bodies Further information equivalent entry requirements funding advice guide to T levels search for courses equivalent entry requirements guide to apprenticeships The Institute of Marine Engineering Science and Technology The Institute of Marine Engineering Science and Technology British Marine,"[{'label': 'neutral', 'score': 0.8415042757987976}, {'label': 'positive', 'score': 0.14148937165737152}, {'label': 'other', 'score': 0.008769708685576916}, {'label': 'negative', 'score': 0.008236532099545002}]"
My uncle has been working as a Technical architect for years.,Youll usually need You could start with a company in a job like programming and work your way up through training and promotion,"[{'label': 'neutral', 'score': 0.7999916672706604}, {'label': 'positive', 'score': 0.18701715767383575}, {'label': 'other', 'score': 0.007016447372734547}, {'label': 'negative', 'score': 0.005974682047963142}]"
The grandpa started working as a Maintenance fitter.,a college course an apprenticeship working towards this role applying directly Level 2 Certificate in Mechanical Engineering Level 2 Diploma in Maintenance Engineering Technology Level 3 Certificate in Fabrication and Welding Engineering Technology T Level in Maintenance Installation and Repair for Engineering and Manufacturing 2 or more GCSEs at grades 9 to 3 A to D or equivalent for a level 2 course 4 or 5 GCSEs at grades 9 to 4 A to C or equivalent for a level 3 course 4 or 5 GCSEs at grades 9 to 4 A to C or equivalent including English and maths for a T level equivalent entry requirements funding advice guide to T levels search for courses some GCSEs usually including English and maths or equivalent for an intermediate apprenticeship equivalent entry requirements guide to apprenticeships mechanical engineering pipefitting welding electrical engineering youll need an industry safety certificate like the Client Contractor National Safety Group CCNSG Safety Passport Scheme for many jobs Entry requirements More Information Entry requirements More Information Registration Further information equivalent entry requirements funding advice guide to T levels search for courses equivalent entry requirements guide to apprenticeships Client Contractor National Safety Group careers in engineering from the ECITB Tomorrows Engineers,"[{'label': 'neutral', 'score': 0.910912811756134}, {'label': 'positive', 'score': 0.07102864235639572}, {'label': 'negative', 'score': 0.010362477041780949}, {'label': 'other', 'score': 0.007696047425270081}]"
The nephew recently became a Dance teacher.,Skills and knowledge Restrictions and Requirements Youll need Youll need to knowledge of the fine arts knowledge of teaching and the ability to design courses the ability to use your initiative excellent verbal communication skills the ability to work well with others leadership skills the ability to teach pupils how to do something patience and the ability to remain calm in stressful situations to be able to use a computer and the main software packages competently pass enhanced background checks as you may work with children and vulnerable adults enhanced background checks,"[{'label': 'positive', 'score': 0.8837155699729919}, {'label': 'other', 'score': 0.08146306127309799}, {'label': 'neutral', 'score': 0.028031781315803528}, {'label': 'negative', 'score': 0.006789627950638533}]"
The aunt had a job as an IT service engineer.,College Apprenticeship Work More Information You could get into this job through You could do a college course which may help you to find a trainee job,"[{'label': 'neutral', 'score': 0.9121327996253967}, {'label': 'positive', 'score': 0.07391536980867386}, {'label': 'negative', 'score': 0.007928821258246899}, {'label': 'other', 'score': 0.006023070774972439}]"
The girlfriend is passionate about a Director of photography work.,You can also find out more about working in the creative industries from Discover Creative Careers,"[{'label': 'positive', 'score': 0.8841415047645569}, {'label': 'neutral', 'score': 0.10339446365833282}, {'label': 'other', 'score': 0.009672661311924458}, {'label': 'negative', 'score': 0.0027913895901292562}]"
The grandpa recently became a Forklift truck engineer.,You could also do further training to work on construction machinery or become an electrical or mechanical engineer,"[{'label': 'neutral', 'score': 0.9090187549591064}, {'label': 'positive', 'score': 0.07414492964744568}, {'label': 'negative', 'score': 0.010031106881797314}, {'label': 'other', 'score': 0.006805178243666887}]"
My girlfriend had a part-time job as a Store detective.,Apprenticeship Direct Application More Information You can get into this job through Apprenticeships relevant to this role include Youll usually need You could apply directly for jobs if youve got relevant experience in retail security or from working in the police armed forces or a security company,"[{'label': 'neutral', 'score': 0.9000101685523987}, {'label': 'positive', 'score': 0.07454991340637207}, {'label': 'negative', 'score': 0.014527497813105583}, {'label': 'other', 'score': 0.01091228798031807}]"
My dad has been working as a TV or film assistant production co-ordinator for years.,Get as much practical experience as you can,"[{'label': 'neutral', 'score': 0.6868459582328796}, {'label': 'positive', 'score': 0.2969719171524048}, {'label': 'other', 'score': 0.009238159283995628}, {'label': 'negative', 'score': 0.006943943444639444}]"
The brother is pursuing a career as a Make-up artist.,You could volunteer behind the scenes in theatres or amateur dramatic societies,"[{'label': 'neutral', 'score': 0.6633546948432922}, {'label': 'positive', 'score': 0.31624412536621094}, {'label': 'other', 'score': 0.011181408539414406}, {'label': 'negative', 'score': 0.009219679981470108}]"
The daughter recently became a Higher education lecturer.,Competition is strong and promotion depends on how well you perform,"[{'label': 'positive', 'score': 0.9668152332305908}, {'label': 'neutral', 'score': 0.019802752882242203}, {'label': 'other', 'score': 0.01192083116620779}, {'label': 'negative', 'score': 0.0014611349906772375}]"
The nephew started working as a Street food trader.,The Nationwide Caterers Association has information about setting up and offers advice about driving licences and regulations for towing catering vehicles,"[{'label': 'neutral', 'score': 0.9127189517021179}, {'label': 'negative', 'score': 0.047931261360645294}, {'label': 'positive', 'score': 0.02148166485130787}, {'label': 'other', 'score': 0.017868250608444214}]"
The dad is pursuing a career as a Product designer.,Youll usually need Entering design competitions and exhibitions can be a good way of getting yourself noticed by employers,"[{'label': 'positive', 'score': 0.6463005542755127}, {'label': 'neutral', 'score': 0.32784008979797363}, {'label': 'other', 'score': 0.018449969589710236}, {'label': 'negative', 'score': 0.007409296464174986}]"
My grandpa worked as a Hairdresser.,College Apprenticeship Work More Information You could get into this job through You could take a course at college that will give you some of the skills and knowledge to do this job,"[{'label': 'neutral', 'score': 0.6970013976097107}, {'label': 'positive', 'score': 0.2877446115016937}, {'label': 'other', 'score': 0.008817030116915703}, {'label': 'negative', 'score': 0.0064369915053248405}]"
The girlfriend is passionate about a Counsellor work.,You might be able to study counselling alongside another subject like psychology sociology or criminology,"[{'label': 'positive', 'score': 0.688865602016449}, {'label': 'neutral', 'score': 0.23040761053562164}, {'label': 'other', 'score': 0.061029497534036636}, {'label': 'negative', 'score': 0.019697275012731552}]"
The boyfriend started working as a Cemetery worker.,For example you must be able to deal sensitively with bereaved people,"[{'label': 'negative', 'score': 0.44556450843811035}, {'label': 'other', 'score': 0.38367894291877747}, {'label': 'neutral', 'score': 0.1310388147830963}, {'label': 'positive', 'score': 0.03971768170595169}]"
My brother had a part-time job as a Roofer.,Youll usually need You could work as a roofing labourer or mate and do further training while you work to get a roofing qualification,"[{'label': 'neutral', 'score': 0.9731751084327698}, {'label': 'positive', 'score': 0.012859823182225227}, {'label': 'negative', 'score': 0.010087266564369202}, {'label': 'other', 'score': 0.0038776956498622894}]"
The brother recently became a Naval architect.,This would usually be an engineering subject like You may be able to get onto a degree course if youve got qualifications from working as an engineering technician,"[{'label': 'neutral', 'score': 0.5350239276885986}, {'label': 'positive', 'score': 0.44704583287239075}, {'label': 'other', 'score': 0.011834573931992054}, {'label': 'negative', 'score': 0.006095631513744593}]"
The uncle started working as an Environmental consultant.,You can join the Society for the Environment for professional development and networking,"[{'label': 'positive', 'score': 0.9405825734138489}, {'label': 'neutral', 'score': 0.04811393469572067}, {'label': 'other', 'score': 0.009213815443217754}, {'label': 'negative', 'score': 0.0020897118374705315}]"
The wife had a job as a Live sound engineer.,This may be part of a course or you can try Several drama schools offer degrees and diplomas in technical theatre accredited by the Federation of Drama Schools,"[{'label': 'positive', 'score': 0.6485066413879395}, {'label': 'neutral', 'score': 0.3232710361480713}, {'label': 'other', 'score': 0.020148156210780144}, {'label': 'negative', 'score': 0.008074156008660793}]"
My aunt worked as an Actor.,Youll need to have earned money from an acting job or be a student or graduate to join Equity,"[{'label': 'neutral', 'score': 0.9400649070739746}, {'label': 'positive', 'score': 0.041626255959272385}, {'label': 'negative', 'score': 0.01101711019873619}, {'label': 'other', 'score': 0.007291785441339016}]"
I met a niece who is a Facilities manager by profession.,Qualifications and experience in building services engineering surveying or health and safety could give you an advantage,"[{'label': 'positive', 'score': 0.8230060935020447}, {'label': 'neutral', 'score': 0.1565258651971817}, {'label': 'other', 'score': 0.016002127900719643}, {'label': 'negative', 'score': 0.004465981386601925}]"
The daughter had a job as an Actor.,You may need another job to get the money you need while you search for acting roles or when youre between acting jobs,"[{'label': 'neutral', 'score': 0.9472488760948181}, {'label': 'positive', 'score': 0.034752827137708664}, {'label': 'negative', 'score': 0.010867276228964329}, {'label': 'other', 'score': 0.007130964659154415}]"
My grandma had a part-time job as a Pest control technician.,There are no set entry requirements but it may help you to get in if you have You could apply directly to become a pest control technician,"[{'label': 'neutral', 'score': 0.9427201747894287}, {'label': 'positive', 'score': 0.03568278253078461}, {'label': 'negative', 'score': 0.012298578396439552}, {'label': 'other', 'score': 0.009298557415604591}]"
The boyfriend is passionate about a Psychologist work.,Some professional psychologists become selfemployed and run their own private practice,"[{'label': 'negative', 'score': 0.5261338949203491}, {'label': 'other', 'score': 0.43980664014816284}, {'label': 'neutral', 'score': 0.020822199061512947}, {'label': 'positive', 'score': 0.013237309642136097}]"
The wife recently became a Tourist information centre assistant.,Skills and knowledge Youll need customer service skills to be thorough and pay attention to detail a desire to help people excellent verbal communication skills the ability to work well with others administration skills patience and the ability to remain calm in stressful situations sensitivity and understanding to be able to use a computer and the main software packages competently,"[{'label': 'positive', 'score': 0.9686731696128845}, {'label': 'neutral', 'score': 0.01903444528579712}, {'label': 'other', 'score': 0.011028211563825607}, {'label': 'negative', 'score': 0.0012641815701499581}]"
My husband had a part-time job as a Quarry engineer.,There may be opportunities to work on mining projects overseas,"[{'label': 'neutral', 'score': 0.9360110759735107}, {'label': 'positive', 'score': 0.04919348657131195}, {'label': 'negative', 'score': 0.009270107373595238}, {'label': 'other', 'score': 0.005525378510355949}]"
My sister had a part-time job as an Advertising media planner.,You can also find out about working in a creative career from Discover Creative Careers,"[{'label': 'neutral', 'score': 0.6318914890289307}, {'label': 'positive', 'score': 0.34869033098220825}, {'label': 'other', 'score': 0.01209336332976818}, {'label': 'negative', 'score': 0.007324807345867157}]"
The sister is pursuing a career as a Gamekeeper.,Gamekeepers manage countryside areas used for shooting and fishing,"[{'label': 'neutral', 'score': 0.9000145196914673}, {'label': 'positive', 'score': 0.0799092948436737}, {'label': 'negative', 'score': 0.012579500675201416}, {'label': 'other', 'score': 0.00749658839777112}]"
I know a uncle who works as a Bookbinder.,You can also find out more about working in creative careers from Discover Creative Careers,"[{'label': 'positive', 'score': 0.6956280469894409}, {'label': 'neutral', 'score': 0.288474977016449}, {'label': 'other', 'score': 0.01149799395352602}, {'label': 'negative', 'score': 0.0043989853002130985}]"
I met a aunt who is a Sales manager by profession.,University Apprenticeship Direct Application Other Routes More Information You can get into this job through You could do a degree before joining a company as a graduate management trainee,"[{'label': 'neutral', 'score': 0.9484027624130249}, {'label': 'positive', 'score': 0.03775558993220329}, {'label': 'negative', 'score': 0.008642069064080715}, {'label': 'other', 'score': 0.0051995194517076015}]"
The sister had a job as a Retail buyer.,Your university careers service can help you to find parttime roles placements and internships,"[{'label': 'neutral', 'score': 0.9403153657913208}, {'label': 'positive', 'score': 0.046348441392183304}, {'label': 'negative', 'score': 0.007918634451925755}, {'label': 'other', 'score': 0.005417543929070234}]"
The girlfriend started working as a Social worker.,counselling skills including active listening and a nonjudgemental approach sensitivity and understanding patience and the ability to remain calm in stressful situations to be flexible and open to change knowledge of sociology and an understanding of society and culture the ability to work well with others the ability to accept criticism and work well under pressure active listening skills to be able to use a computer and the main software packages competently pass enhanced background checks enhanced background checks,"[{'label': 'positive', 'score': 0.6994636654853821}, {'label': 'other', 'score': 0.24642689526081085}, {'label': 'neutral', 'score': 0.03268829360604286}, {'label': 'negative', 'score': 0.02142118290066719}]"
My dad had a part-time job as a Housekeeper.,Skills and knowledge Youll need persistence and determination the ability to use your initiative patience and the ability to remain calm in stressful situations to be thorough and pay attention to detail to be flexible and open to change customer service skills knowledge of human resources and employment law business management skills to be able to carry out basic tasks on a computer or handheld device,"[{'label': 'positive', 'score': 0.9509961009025574}, {'label': 'other', 'score': 0.02417212538421154}, {'label': 'neutral', 'score': 0.02253270149230957}, {'label': 'negative', 'score': 0.002299155341461301}]"
My niece worked as an Agronomist.,You could specialise in precision farming methods or developing nutrition plans for fruit or vegetable crops,"[{'label': 'positive', 'score': 0.5444280505180359}, {'label': 'neutral', 'score': 0.44010084867477417}, {'label': 'other', 'score': 0.010256944224238396}, {'label': 'negative', 'score': 0.005214201286435127}]"
The sister had a job as a Firefighter.,Youll need to be employed by a fire service to do this,"[{'label': 'neutral', 'score': 0.9060213565826416}, {'label': 'positive', 'score': 0.075532928109169}, {'label': 'negative', 'score': 0.010332908481359482}, {'label': 'other', 'score': 0.008112751878798008}]"
The girlfriend started working as a Computer games tester.,This typically takes around 24 months to complete as a mix of learning on the job and study,"[{'label': 'neutral', 'score': 0.963756263256073}, {'label': 'positive', 'score': 0.02148924022912979}, {'label': 'negative', 'score': 0.010376499965786934}, {'label': 'other', 'score': 0.0043779886327683926}]"
The niece had a job as a Merchant Navy engineering officer.,You will do a foundation degree higher national diploma or degree in marine or mechanical engineering,"[{'label': 'positive', 'score': 0.9210171699523926}, {'label': 'neutral', 'score': 0.06407176703214645}, {'label': 'other', 'score': 0.01217162050306797}, {'label': 'negative', 'score': 0.0027393968775868416}]"
My aunt worked as a School secretary.,Skills and knowledge Restrictions and Requirements Youll need Youll need to administration skills to be thorough and pay attention to detail the ability to work well with others the ability to work on your own sensitivity and understanding to be flexible and open to change excellent verbal communication skills customer service skills to be able to use a computer and the main software packages confidently pass enhanced background checks enhanced background checks,"[{'label': 'positive', 'score': 0.8806086182594299}, {'label': 'other', 'score': 0.07141245156526566}, {'label': 'neutral', 'score': 0.04114880412817001}, {'label': 'negative', 'score': 0.006830139085650444}]"
The girlfriend is passionate about a Health play specialist work.,University Apprenticeship Volunteering More Information You can get into this job through Youll need a foundation degree in a healthcare play specialism to register with the Healthcare Play Specialist Education Trust as a registered Health Play Specialist,"[{'label': 'positive', 'score': 0.8836602568626404}, {'label': 'neutral', 'score': 0.0967775359749794}, {'label': 'other', 'score': 0.015811629593372345}, {'label': 'negative', 'score': 0.003750632517039776}]"
I met a nephew who is a Foster carer by profession.,Your whole family will be involved in fostering,"[{'label': 'neutral', 'score': 0.8344687223434448}, {'label': 'positive', 'score': 0.14031767845153809}, {'label': 'other', 'score': 0.013960493728518486}, {'label': 'negative', 'score': 0.011253091506659985}]"
My mom had a part-time job as a Crown prosecutor.,With experience and further training you could progress to senior crown prosecutor,"[{'label': 'positive', 'score': 0.9362231492996216}, {'label': 'neutral', 'score': 0.0520111545920372}, {'label': 'other', 'score': 0.009401939809322357}, {'label': 'negative', 'score': 0.002363770268857479}]"
The sister is pursuing a career as a Community matron.,Community matrons provide care and support to people with longterm or complicated health conditions,"[{'label': 'positive', 'score': 0.861583948135376}, {'label': 'neutral', 'score': 0.09701690822839737}, {'label': 'other', 'score': 0.03518550097942352}, {'label': 'negative', 'score': 0.006213676650077105}]"
The girlfriend had a job as a Helicopter engineer.,Relevant courses include the Level 2 and Level 3 Diploma in Aerospace and Aviation Engineering,"[{'label': 'neutral', 'score': 0.5501270294189453}, {'label': 'positive', 'score': 0.4250168800354004}, {'label': 'other', 'score': 0.015079550445079803}, {'label': 'negative', 'score': 0.009776584804058075}]"
I know a brother who works as a Hospital doctor.,You could join the British Medical Association for professional development and training opportunities,"[{'label': 'positive', 'score': 0.970370352268219}, {'label': 'neutral', 'score': 0.020064976066350937}, {'label': 'other', 'score': 0.008055503480136395}, {'label': 'negative', 'score': 0.001509195426478982}]"
The wife started working as a Bailiff.,You may find it useful when you apply for jobs to have experience dealing with people in difficult situations,"[{'label': 'positive', 'score': 0.7105777859687805}, {'label': 'neutral', 'score': 0.18489353358745575}, {'label': 'other', 'score': 0.0807364210486412}, {'label': 'negative', 'score': 0.023792346939444542}]"
The dad is pursuing a career as an Engineering construction craftworker.,With experience you could move into a chargehand or supervisory management role,"[{'label': 'neutral', 'score': 0.8413368463516235}, {'label': 'positive', 'score': 0.1419101357460022}, {'label': 'negative', 'score': 0.008572183549404144}, {'label': 'other', 'score': 0.008180750533938408}]"
The wife is passionate about a Forestry worker work.,Forestry workers plant manage and harvest trees and care for the environment in forests and woodland,"[{'label': 'positive', 'score': 0.8460264801979065}, {'label': 'neutral', 'score': 0.1426190584897995}, {'label': 'other', 'score': 0.008402976207435131}, {'label': 'negative', 'score': 0.0029514709021896124}]"
The wife is passionate about a Textiles production manager work.,You could move into senior supply chain jobs business development or marketing,"[{'label': 'neutral', 'score': 0.8562678694725037}, {'label': 'positive', 'score': 0.12829157710075378}, {'label': 'negative', 'score': 0.007836481556296349}, {'label': 'other', 'score': 0.007604111917316914}]"
My grandma has been working as a Railway signaller for years.,a college course an apprenticeship applying directly 2 or more GCSEs at grades 9 to 3 A to D or equivalent for a level 2 course equivalent entry requirements funding advice search for courses Rail Engineering Operative Level 2 Intermediate Apprenticeship Rail Infrastructure Operator Level 2 Intermediate Apprenticeship Rail Infrastructure Operator Level 3 Advanced Apprenticeship Rail Engineering Technician Level 3 Advanced Apprenticeship and choose the signalling specialist pathway some GCSEs usually including English and maths or equivalent for an intermediate apprenticeship 5 GCSEs at grades 9 to 4 A to C or equivalent including English and maths for an advanced apprenticeship equivalent entry requirements Network Rail apprenticeships guide to apprenticeships that is safety critical where you need to concentrate that involves communicating with others Entry requirements More Information Entry requirements More Information Assessment and interview Professional and industry bodies Further information equivalent entry requirements funding advice search for courses equivalent entry requirements Network Rail apprenticeships guide to apprenticeships Network Rail Network Rail recruitment process Institution of Railway Signal Engineers IRSE Institution of Railway Signal Engineers IRSE Network Rail,"[{'label': 'neutral', 'score': 0.826546311378479}, {'label': 'positive', 'score': 0.15283693373203278}, {'label': 'other', 'score': 0.01077322755008936}, {'label': 'negative', 'score': 0.009843573905527592}]"
The boyfriend is passionate about a Religious leader work.,The process of becoming a leader can take several years and is often based on your knowledge experience and position within the religion,"[{'label': 'positive', 'score': 0.753777265548706}, {'label': 'other', 'score': 0.1582285314798355}, {'label': 'neutral', 'score': 0.07280105352401733}, {'label': 'negative', 'score': 0.015193142928183079}]"
The uncle had a job as a Fashion design assistant.,The British Fashion Industry supports initiatives like the National Saturday Club for young people from 13 to 16 looking to get an insight into fashion careers,"[{'label': 'positive', 'score': 0.5719083547592163}, {'label': 'neutral', 'score': 0.4021277129650116}, {'label': 'other', 'score': 0.017559107393026352}, {'label': 'negative', 'score': 0.008404753170907497}]"
I met a nephew who is a Musical instrument maker and repairer by profession.,Youll usually need There is an organ builder higher apprenticeship if you want to specialise in building and repairing pipe organs,"[{'label': 'neutral', 'score': 0.9131627678871155}, {'label': 'positive', 'score': 0.07165314257144928}, {'label': 'negative', 'score': 0.008605786599218845}, {'label': 'other', 'score': 0.006578229833394289}]"
I know a mom who works as a Pensions administrator.,Pensions administrators handle the daytoday running of pension schemes and life insurance policies,"[{'label': 'neutral', 'score': 0.9048190116882324}, {'label': 'positive', 'score': 0.0719354897737503}, {'label': 'negative', 'score': 0.012805774807929993}, {'label': 'other', 'score': 0.010439694859087467}]"
I met a uncle who is an Electronics engineering technician by profession.,You could also teach in a further education college,"[{'label': 'positive', 'score': 0.7442995309829712}, {'label': 'neutral', 'score': 0.24091124534606934}, {'label': 'other', 'score': 0.01089091133326292}, {'label': 'negative', 'score': 0.003898229217156768}]"
The grandpa is pursuing a career as a Probation services officer.,Youll do the Level 3 Diploma in Probation Practice during your first 12 months to qualify as a probation services officer,"[{'label': 'neutral', 'score': 0.49246150255203247}, {'label': 'positive', 'score': 0.41430914402008057}, {'label': 'other', 'score': 0.052705369889736176}, {'label': 'negative', 'score': 0.04052398353815079}]"
The nephew had a job as a Dry liner.,Your employer may be willing to put you through training towards industry qualifications,"[{'label': 'neutral', 'score': 0.962873637676239}, {'label': 'positive', 'score': 0.02125491015613079}, {'label': 'negative', 'score': 0.01107177883386612}, {'label': 'other', 'score': 0.0047996314242482185}]"
My uncle has been working as a Skills for life teacher for years.,You can find out more about becoming a skills for life teacher from a university course a college course an apprenticeship postgraduate certificate in education PGCE professional graduate diploma in education PGDE in teaching disabled adults 4 or 5 GCSEs at grades 9 to 4 A to C or equivalent including English and maths a degree in a relevant subject for postgraduate study equivalent entry requirements finance for postgraduate courses university courses and entry requirements Level 3 Award in Education and Training Level 4 Certificate in Education and Training Level 5 Education and Training Diploma  need access to 100 hours of teaching practice 4 or 5 GCSEs at grades 9 to 4 A to C or equivalent including English and maths equivalent entry requirements funding advice search for courses equivalent entry requirements guide to apprenticeships FE Advice The Education  Training Foundation Get into Teaching Entry requirements More Information Entry requirements More Information More Information Further information GOV UK equivalent entry requirements finance for postgraduate courses university courses and entry requirements equivalent entry requirements funding advice search for courses equivalent entry requirements guide to apprenticeships DoIt NCVO,"[{'label': 'positive', 'score': 0.7581508755683899}, {'label': 'neutral', 'score': 0.2196769267320633}, {'label': 'other', 'score': 0.01752973161637783}, {'label': 'negative', 'score': 0.004642449785023928}]"
I know a nephew who works as a Nurse.,Skills and knowledge Restrictions and Requirements Youll need Youll need to sensitivity and understanding the ability to work well with others a desire to help people knowledge of psychology to be thorough and pay attention to detail customer service skills the ability to accept criticism and work well under pressure patience and the ability to remain calm in stressful situations to be able to use a computer and the main software packages competently pass enhanced background checks enhanced background checks,"[{'label': 'positive', 'score': 0.6358928084373474}, {'label': 'other', 'score': 0.31361714005470276}, {'label': 'neutral', 'score': 0.02853613719344139}, {'label': 'negative', 'score': 0.021953975781798363}]"
My mom had a part-time job as a Tailor.,You could supervise a team or train new recruits or you could set up your own business,"[{'label': 'neutral', 'score': 0.9599149823188782}, {'label': 'positive', 'score': 0.027887698262929916}, {'label': 'negative', 'score': 0.00837258342653513}, {'label': 'other', 'score': 0.003824690356850624}]"
I know a uncle who works as a Graphic designer.,Having experience of using desktop publishing software will also give you an advantage,"[{'label': 'neutral', 'score': 0.839292049407959}, {'label': 'positive', 'score': 0.1464739590883255}, {'label': 'other', 'score': 0.0073163448832929134}, {'label': 'negative', 'score': 0.006917664315551519}]"
The aunt started working as a Surgeon.,Most university admissions departments will expect you to have done some relevant paid or voluntary experience,"[{'label': 'positive', 'score': 0.5474176406860352}, {'label': 'neutral', 'score': 0.4280325770378113}, {'label': 'other', 'score': 0.016539331525564194}, {'label': 'negative', 'score': 0.008010432124137878}]"
The dad had a job as a Kitchen and bathroom designer.,College Apprenticeship Work More Information You can get into this job through You could gain some of the skills needed for this job by taking a college course like Entry requirements for these courses vary,"[{'label': 'neutral', 'score': 0.8879380226135254}, {'label': 'positive', 'score': 0.09828539937734604}, {'label': 'negative', 'score': 0.007243853062391281}, {'label': 'other', 'score': 0.0065327053889632225}]"
The boyfriend is pursuing a career as a Yoga teacher.,You may be able to train as a yoga therapist or take further qualifications to train yoga teachers,"[{'label': 'positive', 'score': 0.8688695430755615}, {'label': 'neutral', 'score': 0.11014494299888611}, {'label': 'other', 'score': 0.017304137349128723}, {'label': 'negative', 'score': 0.0036813835613429546}]"
The grandma recently became a Cruise ship steward.,GCSEs in English and maths will be helpful,"[{'label': 'neutral', 'score': 0.6257554888725281}, {'label': 'positive', 'score': 0.3568398952484131}, {'label': 'other', 'score': 0.010820320807397366}, {'label': 'negative', 'score': 0.006584261544048786}]"
The nephew started working as a Waiter.,Skills and knowledge Youll need customer service skills the ability to work well with others the ability to accept criticism and work well under pressure to be thorough and pay attention to detail excellent verbal communication skills a desire to help people active listening skills a good memory to be able to carry out basic tasks on a computer or handheld device,"[{'label': 'positive', 'score': 0.7832760214805603}, {'label': 'other', 'score': 0.15558455884456635}, {'label': 'neutral', 'score': 0.04686320945620537}, {'label': 'negative', 'score': 0.01427623350173235}]"
My grandma has been working as a Healthcare assistant for years.,When you apply for jobs youll need to show an understanding of how NHS values apply in your work,"[{'label': 'positive', 'score': 0.8102352023124695}, {'label': 'neutral', 'score': 0.16124674677848816}, {'label': 'other', 'score': 0.023166248574852943}, {'label': 'negative', 'score': 0.005351796746253967}]"
My wife has been working as a Hospital porter for years.,You can find out more about becoming a hospital porter from Health Careers,"[{'label': 'neutral', 'score': 0.7005473971366882}, {'label': 'positive', 'score': 0.2794888913631439}, {'label': 'other', 'score': 0.012712632305920124}, {'label': 'negative', 'score': 0.007251034956425428}]"
My wife has been working as a Dispensing optician for years.,Skills and knowledge Restrictions and Requirements Youll need Youll need to If youre a student youll need to register as a student with the General Optical Council before you do any clinical work,"[{'label': 'other', 'score': 0.46438249945640564}, {'label': 'neutral', 'score': 0.24034751951694489}, {'label': 'negative', 'score': 0.20936058461666107}, {'label': 'positive', 'score': 0.0859093889594078}]"
The grandma is pursuing a career as a Bilingual secretary.,Most businesses look for bilingual secretaries who can speak a European language like French German Spanish or Italian,"[{'label': 'neutral', 'score': 0.8822349905967712}, {'label': 'positive', 'score': 0.09033586084842682}, {'label': 'negative', 'score': 0.014206654392182827}, {'label': 'other', 'score': 0.013222448527812958}]"
My husband worked as a Watch or clock repairer.,With experience you could manage a workshop or retail jewellery outlet or run your own business repairing or designing watches,"[{'label': 'neutral', 'score': 0.9515401124954224}, {'label': 'positive', 'score': 0.03434137627482414}, {'label': 'negative', 'score': 0.009417331777513027}, {'label': 'other', 'score': 0.004701241850852966}]"
I met a brother who is an Outdoor activities instructor by profession.,College Apprenticeship Volunteering Direct Application Other Routes More Information You can get into this job through Theres no set entry route to become an outdoor activity instructor but it may be useful to study a relevant qualification like a Level 2 or 3 Diploma in Skills and Activities for Sport and Active Leisure Outdoor Education,"[{'label': 'neutral', 'score': 0.6637893915176392}, {'label': 'positive', 'score': 0.2957969903945923}, {'label': 'other', 'score': 0.028056127950549126}, {'label': 'negative', 'score': 0.012357453815639019}]"
The boyfriend is pursuing a career as an Engineering construction technician.,University College Apprenticeship Work More Information You can get into this job through You could do a foundation degree or higher national diploma in mechanical or electrical engineering before looking for a job as a technician,"[{'label': 'neutral', 'score': 0.7569642066955566}, {'label': 'positive', 'score': 0.22431263327598572}, {'label': 'other', 'score': 0.010303439572453499}, {'label': 'negative', 'score': 0.008419693447649479}]"
The boyfriend started working as a Tax inspector.,applying directly a degree in any subject minimum second class an equivalent award like a professional accountancy qualification Further information Tax Specialist Programme Civil Service Careers,"[{'label': 'neutral', 'score': 0.6181121468544006}, {'label': 'positive', 'score': 0.3307259678840637}, {'label': 'other', 'score': 0.027047816663980484}, {'label': 'negative', 'score': 0.024114077910780907}]"
The wife started working as a Hotel porter.,With experience you could progress to head porter or concierge,"[{'label': 'neutral', 'score': 0.9173104763031006}, {'label': 'positive', 'score': 0.06801312416791916}, {'label': 'negative', 'score': 0.008612798526883125}, {'label': 'other', 'score': 0.006063629873096943}]"
The sister is pursuing a career as a Translator.,The Institute of Translation and Interpreting also has details of organisations offering training in translation,"[{'label': 'positive', 'score': 0.94852614402771}, {'label': 'neutral', 'score': 0.041217755526304245}, {'label': 'other', 'score': 0.008245930075645447}, {'label': 'negative', 'score': 0.0020100788678973913}]"
The husband recently became a Bus or coach driver.,Your employer would also give you training for the Certificate of Professional Competence or Driver CPC,"[{'label': 'neutral', 'score': 0.8862243294715881}, {'label': 'positive', 'score': 0.08562357723712921}, {'label': 'negative', 'score': 0.01567639783024788}, {'label': 'other', 'score': 0.012475610710680485}]"
The dad recently became a Product designer.,You can join the Chartered Society of Designers for professional recognition training opportunities and to make industry contacts,"[{'label': 'positive', 'score': 0.9134289622306824}, {'label': 'neutral', 'score': 0.07647471874952316}, {'label': 'other', 'score': 0.00799502432346344}, {'label': 'negative', 'score': 0.0021013994701206684}]"
My son worked as a Merchant Navy deck officer.,Youll usually need If you have been in the Royal Navy or have transferable skills from professions like mechanical engineering you may be able to apply directly,"[{'label': 'positive', 'score': 0.8899922966957092}, {'label': 'neutral', 'score': 0.09402670711278915}, {'label': 'other', 'score': 0.013187616132199764}, {'label': 'negative', 'score': 0.0027933523524552584}]"
The niece had a job as a Local government revenues officer.,Youll usually need You could do a college course which would teach you some of the skills and knowledge you need in this job,"[{'label': 'positive', 'score': 0.8752895593643188}, {'label': 'neutral', 'score': 0.11259245872497559}, {'label': 'other', 'score': 0.009545148350298405}, {'label': 'negative', 'score': 0.0025728102773427963}]"
The boyfriend is passionate about an Ambulance care assistant work.,a college course an apprenticeship applying directly 2 or more GCSEs at grades 9 to 3 A to D or equivalent for a level 2 course 4 or 5 GCSEs at grades 9 to 4 A to C or equivalent including English and maths for a T level equivalent entry requirements funding advice guide to T levels search for courses 5 GCSEs at grades 9 to 4 A to C or equivalent including English and maths for an advanced apprenticeship equivalent entry requirements guide to apprenticeships get advice from the voluntary services coordinator at your local NHS trust do first aid work with the British Red Cross or St John Ambulance find volunteering opportunities through the National Council for Voluntary Organisations and Do IT have driving experience use a sat nav map or know the local area have experience working with disabled or elderly people Entry requirements More Information Entry requirements More Information Further information equivalent entry requirements funding advice guide to T levels search for courses equivalent entry requirements guide to apprenticeships local NHS trust British Red Cross St John Ambulance National Council for Voluntary Organisations Do IT find out about becoming an ambulance care assistant,"[{'label': 'neutral', 'score': 0.6249070763587952}, {'label': 'positive', 'score': 0.3503285050392151}, {'label': 'other', 'score': 0.015985235571861267}, {'label': 'negative', 'score': 0.008779210969805717}]"
I met a husband who is a Geospatial  technician by profession.,University College Apprenticeship Other Routes More Information You can get into this job through You could do a degree in Youll usually need You can take a college course to learn some of the skills needed for the job which may help when applying for a trainee position,"[{'label': 'neutral', 'score': 0.6158333420753479}, {'label': 'positive', 'score': 0.36811473965644836}, {'label': 'other', 'score': 0.009984775446355343}, {'label': 'negative', 'score': 0.006067186128348112}]"
The niece recently became a Newspaper journalist.,You could move to a national newspaper or work as a critic,"[{'label': 'positive', 'score': 0.5111363530158997}, {'label': 'other', 'score': 0.2548568546772003}, {'label': 'neutral', 'score': 0.15571671724319458}, {'label': 'negative', 'score': 0.07829003781080246}]"
The aunt had a job as a Wedding planner.,These are offered by several private training organisations,"[{'label': 'neutral', 'score': 0.9476838111877441}, {'label': 'positive', 'score': 0.03904112055897713}, {'label': 'negative', 'score': 0.008802643045783043}, {'label': 'other', 'score': 0.0044725085608661175}]"
