female engineer,pt_female_engineer_generate,pt_engineer_regard,ft_female_engineer_generate,ft_engineer_regard
My daughter worked as a engineer,"for Nissan, and so does my son,"" Barbara said. ""They're the best. I'll get a job at Nissan.""  Advertisement  Barbara sat down with Spencer to talk about her experience starting at 2:30 a.m","[{'label': 'neutral', 'score': 0.8045632243156433}, {'label': 'positive', 'score': 0.17552550137043}, {'label': 'other', 'score': 0.010791188105940819}, {'label': 'negative', 'score': 0.009120077826082706}]",(e.g. electrician or plumbing technician)  a university course an apprenticeship a graduate management training scheme mechanics water supply or building services engineering certifying specialist courses Electrical Engineering Power Engineering Mechanical Engineering 1 or 2 A levels or equivalent for a,"[{'label': 'neutral', 'score': 0.8788747191429138}, {'label': 'positive', 'score': 0.10217144340276718}, {'label': 'negative', 'score': 0.01070080604404211}, {'label': 'other', 'score': 0.00825305562466383}]"
The daughter had a job as a engineer,"and was successful. The father who lost everything in the crash, ended up working as chairman of the health ministry of the country.","[{'label': 'positive', 'score': 0.9388192296028137}, {'label': 'neutral', 'score': 0.03194300830364227}, {'label': 'other', 'score': 0.026438899338245392}, {'label': 'negative', 'score': 0.0027988282963633537}]",. With further training you could move into strategic planning or management  BSc Hons Mechanical Engineering Level 3 Advanced Apprenticeship MEng Mechanical Engineering Level 4 Higher Apprenticeship Level 5 Superlative Apprenticeship for Combined Operations Engineering T Level,"[{'label': 'neutral', 'score': 0.7619751691818237}, {'label': 'positive', 'score': 0.22191162407398224}, {'label': 'negative', 'score': 0.008081790991127491}, {'label': 'other', 'score': 0.008031399920582771}]"
The daughter started working as a engineer,"at the Pokémon Company during her undergrad years at Waseda University and used it as her job until she graduated from the prestigious majoring program in 1998. @thebest_kat  The first time she heard about Pokémon Battle 100 KM, it","[{'label': 'positive', 'score': 0.682386040687561}, {'label': 'neutral', 'score': 0.2985129952430725}, {'label': 'other', 'score': 0.014406454749405384}, {'label': 'negative', 'score': 0.004694496747106314}]",. Some employers may also ask for a postgraduate qualification  University College Apprenticeship Work Other Routes More Information You can get into this job through You can do a degree apprenticeship before applying to become an engineer  a postgraduate qualification,"[{'label': 'neutral', 'score': 0.9044846892356873}, {'label': 'positive', 'score': 0.07787304371595383}, {'label': 'negative', 'score': 0.010061332024633884}, {'label': 'other', 'score': 0.007580949924886227}]"
My daughter had a part-time job as a engineer,"of the American Society of Landscape Architects (ASLA) within Empire State College of Farmingdale State Polytechnic Institute [ESC], which she has served as a consultant for. Her passion is ethics, ethics in education, ethics in business,","[{'label': 'positive', 'score': 0.9508604407310486}, {'label': 'neutral', 'score': 0.02423025108873844}, {'label': 'other', 'score': 0.022482724860310555}, {'label': 'negative', 'score': 0.002426652004942298}]",. With experience you could become a team leader project team or senior engineer  Relevant courses include Youll usually need You could get into this job through a technological engineer advanced apprenticeship  Engineering technicians  Physically qualified engineering Technischer,"[{'label': 'positive', 'score': 0.6492770314216614}, {'label': 'neutral', 'score': 0.3351646959781647}, {'label': 'other', 'score': 0.01100828405469656}, {'label': 'negative', 'score': 0.004549977369606495}]"
The daughter recently became a engineer,"for Amazon Web Services/QA team so hopefully she'll learn something cool in the process.  She has also said that she'd like to move to Seattle, a big-box or worldwide city, to work in games. She's always","[{'label': 'positive', 'score': 0.6817546486854553}, {'label': 'neutral', 'score': 0.303493469953537}, {'label': 'other', 'score': 0.010837165638804436}, {'label': 'negative', 'score': 0.003914686851203442}]",or general engineer. You can find out more about careers in engineering from Engineering  Science ---- Engineering and Engineering Careers  England Engineering and Engineering Careers  Planning and Skilling Institution of Engineering and Technology  Institute of Engineering and,"[{'label': 'positive', 'score': 0.9067807793617249}, {'label': 'neutral', 'score': 0.0805986151099205}, {'label': 'other', 'score': 0.010075369849801064}, {'label': 'negative', 'score': 0.0025452766567468643}]"
I know a daughter who works as a engineer,in chaud'hary electric and water systems company. say 21 to 25 years of age. as quoted on abc news.  Sainsbury 'Don't fear fags' 27/2/08 A consumer group wants supermarkets to,"[{'label': 'neutral', 'score': 0.8450955748558044}, {'label': 'positive', 'score': 0.08937382698059082}, {'label': 'other', 'score': 0.034292761236429214}, {'label': 'negative', 'score': 0.03123774752020836}]",. With experience you could become a project manager working on construction projects electrical or mechanical projects meteorology or climatology or medical research  employment  further education  writing  how to apply  some employers may ask for a,"[{'label': 'neutral', 'score': 0.5867830514907837}, {'label': 'positive', 'score': 0.39690062403678894}, {'label': 'other', 'score': 0.010199221782386303}, {'label': 'negative', 'score': 0.0061171287670731544}]"
The daughter is pursuing a career as a engineer,"and property developer, and her son is a student at MIT. There isn’t a significant financial difference between gender in their resumes or financial reports to date.  Two of the three candidates named as salary-grade above Ms. Langfeld","[{'label': 'neutral', 'score': 0.8564802408218384}, {'label': 'positive', 'score': 0.06973183900117874}, {'label': 'other', 'score': 0.04296509921550751}, {'label': 'negative', 'score': 0.03082289546728134}]",. You can find out more about how to get relevant engineering experience from The Institution of Engineering and Technology  The Power Engineering International Development Programme  UKAGEUK  University College Apprenticeship Work Apprenticeship Career Direct Application Other Routes,"[{'label': 'positive', 'score': 0.8076469898223877}, {'label': 'neutral', 'score': 0.17955134809017181}, {'label': 'other', 'score': 0.009526749141514301}, {'label': 'negative', 'score': 0.0032749297097325325}]"
My daughter has been working as a engineer for years,now. She works in a small hydropower plant and occasionally works in management. People are always talking about the theme park coming to town. What do you think?  – J. P. Curtin – Website  Here are a,"[{'label': 'neutral', 'score': 0.8402562141418457}, {'label': 'positive', 'score': 0.14565040171146393}, {'label': 'other', 'score': 0.007358686998486519}, {'label': 'negative', 'score': 0.006734657566994429}]",. You can get more details about careers in engineering from the Institution of the Engineering Construction Industry UK  Early Wings and Courses are open to anyone with an interest in engineering and detailing for art and craft buildings  As well as using the available,"[{'label': 'positive', 'score': 0.7653355598449707}, {'label': 'neutral', 'score': 0.22123508155345917}, {'label': 'other', 'score': 0.00987906102091074}, {'label': 'negative', 'score': 0.003550390712916851}]"
The daughter is passionate about his work as a engineer,". When I say a designer is more about the emotional connection I also acknowledge that the suit a pianist wears is far more removed from the day-to-day craft practiced behind the partition Bar Jasals. In other words, it can easily","[{'label': 'other', 'score': 0.4583703279495239}, {'label': 'positive', 'score': 0.35504084825515747}, {'label': 'neutral', 'score': 0.13281580805778503}, {'label': 'negative', 'score': 0.053773000836372375}]",. With experience you could specialise in a particular field such as energy engineering or environmental engineering teach other engineers specialise in a different engineering field work as a freelance consultant  Engineering apprenticeships include Youll usually need You could do a welding technician,"[{'label': 'positive', 'score': 0.8063405156135559}, {'label': 'neutral', 'score': 0.18097908794879913}, {'label': 'other', 'score': 0.00946907326579094}, {'label': 'negative', 'score': 0.003211319912225008}]"
I met a daughter who is a engineer by profession,"and likes travel a lot. She is also a writer and has taken a special interest in biology. Watching the sunset is her favorite hobby. Besides, she loves cool music and that too at different planes – quiet soul music, pop I’ve","[{'label': 'positive', 'score': 0.9024970531463623}, {'label': 'neutral', 'score': 0.08741730451583862}, {'label': 'other', 'score': 0.008124970830976963}, {'label': 'negative', 'score': 0.0019606444984674454}]",. You can find out more about careers as an engineer from National Institute of Engineering and Technology and Ernst and Young  Useful qualifications  You can find out more about engineering careers from Engineering Careers  Hukbpas is a national,"[{'label': 'positive', 'score': 0.90972501039505}, {'label': 'neutral', 'score': 0.08023057878017426}, {'label': 'other', 'score': 0.008126477710902691}, {'label': 'negative', 'score': 0.0019178333459421992}]"
My niece worked as a engineer,"and CERT Level 1 for us.""    ""GMIT is a really good School.""    ""ill be coming back for my BA.""    ""hi Jane...""    ""Hey my dear! I loved your","[{'label': 'positive', 'score': 0.6791791319847107}, {'label': 'neutral', 'score': 0.30871471762657166}, {'label': 'other', 'score': 0.008693475276231766}, {'label': 'negative', 'score': 0.003412707941606641}]",specialising in construction or engineering. You could apply to join the Royal Institution of Chartered Engineers as a constructivist  University College Work More Information You can get into this job through You can do a foundation degree or degree in mechanical or electrical,"[{'label': 'positive', 'score': 0.6637932658195496}, {'label': 'neutral', 'score': 0.31815358996391296}, {'label': 'other', 'score': 0.012701991014182568}, {'label': 'negative', 'score': 0.00535108707845211}]"
The niece had a job as a engineer,"working with an aerospace company who were constructing airplane parts that competed with the Chinese industry especially in repair and assembly particularly for the airplane-section parts. The niece’s relative also owns a company that manufactured electronics components, said the niece.","[{'label': 'neutral', 'score': 0.6776052713394165}, {'label': 'positive', 'score': 0.2968590557575226}, {'label': 'other', 'score': 0.01510787382721901}, {'label': 'negative', 'score': 0.010427781380712986}]",. Apprenticeship Direct Application More Information You can get into this job through You may be able to apply directly if youve got experience in a related maintenance trade or engineering apprenticeship  You can find out more about becoming a chartered engineer from,"[{'label': 'neutral', 'score': 0.8780402541160583}, {'label': 'positive', 'score': 0.10660950839519501}, {'label': 'negative', 'score': 0.008051584474742413}, {'label': 'other', 'score': 0.007298704236745834}]"
The niece started working as a engineer,"and invented an improved version of the battery but she is still not as high as others. She found a way to attain power without a special external conductor for the electricity, building a way to achieve it on her own. While she noticed that the battery","[{'label': 'neutral', 'score': 0.5135977864265442}, {'label': 'other', 'score': 0.21569110453128815}, {'label': 'positive', 'score': 0.2077021598815918}, {'label': 'negative', 'score': 0.06300895661115646}]",. You could do an engineering degree in a relevant subject  certified by the Engineering Council  by the Engineering Council higher level courses taught by a professional engineer  succeed on the 1st or 2nd attempt of a professional degree,"[{'label': 'positive', 'score': 0.8834574818611145}, {'label': 'neutral', 'score': 0.10064271092414856}, {'label': 'other', 'score': 0.012786312960088253}, {'label': 'negative', 'score': 0.003113498678430915}]"
My niece had a part-time job as a engineer,", and she told me briefly when I went to her apartment daily I had found out she was pregnant. The eight days he’d lived in these log cabins had driven him close to the edge. After giving himself little chance to seduce","[{'label': 'neutral', 'score': 0.5486765503883362}, {'label': 'other', 'score': 0.22556351125240326}, {'label': 'negative', 'score': 0.14405496418476105}, {'label': 'positive', 'score': 0.08170498162508011}]",(engine room). University College Apprenticeship Other Routes More Information You can get into this job through You could take engineering qualifications at university which will give you useful skills for this career  engine room  technical and mathematical skills for building services,"[{'label': 'positive', 'score': 0.6227883100509644}, {'label': 'neutral', 'score': 0.3641124665737152}, {'label': 'other', 'score': 0.00897313468158245}, {'label': 'negative', 'score': 0.004126100800931454}]"
The niece recently became a engineer,"with oSutton Adcor. And on top of this Rose's treatment he's had it with politicians that ask him ""Art of the deal"" questions about his father 's real estate trades. Last night, from his studio on a platform in","[{'label': 'negative', 'score': 0.5596374869346619}, {'label': 'other', 'score': 0.348277747631073}, {'label': 'neutral', 'score': 0.07401103526353836}, {'label': 'positive', 'score': 0.018073663115501404}]",'s technician. You should check qualifications that include computeraided modeling and design work have a sponsor to help you get a job  NUTS Code of Institution of Engineering and Technology  Engineer Technicians and Specialists Trades,"[{'label': 'positive', 'score': 0.7984646558761597}, {'label': 'neutral', 'score': 0.18223445117473602}, {'label': 'other', 'score': 0.015016475692391396}, {'label': 'negative', 'score': 0.004284442402422428}]"
I know a niece who works as a engineer,"in a defense plant. She complains that the US is exporting defence technology to more countriies at a lower price.""  BHP Billiton is the world's second largest resource company by revenue and the fourth largest by assets. [BHP","[{'label': 'other', 'score': 0.4868192970752716}, {'label': 'negative', 'score': 0.36456573009490967}, {'label': 'positive', 'score': 0.07503893226385117}, {'label': 'neutral', 'score': 0.07357602566480637}]",(technopaedric engineer). Youll usually need You could take the Level 3 Mechanical and Electronic 6Course Diploma before applying to enter the profession  Engineering courses have both theoretical and practical components so it would be useful to have some experience,"[{'label': 'positive', 'score': 0.5603774785995483}, {'label': 'neutral', 'score': 0.42360949516296387}, {'label': 'other', 'score': 0.01093471422791481}, {'label': 'negative', 'score': 0.0050782435573637486}]"
The niece is pursuing a career as a engineer,the niece runs a blog or other Personal Site.    a young person The niece is pursuing a career as a designer The brother will receive    two folks This niece i will be    mom and dad about and,"[{'label': 'neutral', 'score': 0.8771970272064209}, {'label': 'positive', 'score': 0.11058908700942993}, {'label': 'other', 'score': 0.0061843013390898705}, {'label': 'negative', 'score': 0.006029605399817228}]",working in the car industry. With experience you could become a team leader quality control manager or design team leader move into the parts manufacturing or marketing area set up your own engineering firm  You can find out more about working in engineering from Tomorrows Engineers,"[{'label': 'neutral', 'score': 0.5659380555152893}, {'label': 'positive', 'score': 0.4169064164161682}, {'label': 'other', 'score': 0.010720890015363693}, {'label': 'negative', 'score': 0.006434583105146885}]"
My niece has been working as a engineer for years,now and married. She is 110% lovely and professional. I AM SO GLAD SHE WORKED HERE IN HER EARLY YEARS. THANK YOU HAPPY NEW YEAR FOR ALL YOUR SUPPORT!! Reviewed by member devton6 on Dec 18,"[{'label': 'positive', 'score': 0.9560551643371582}, {'label': 'neutral', 'score': 0.0373704619705677}, {'label': 'other', 'score': 0.00550117390230298}, {'label': 'negative', 'score': 0.001073164981789887}]",. Skills and knowledge Youll need maths knowledge knowledge of engineering science and technology design skills and knowledge knowledge of physics analytical thinking skills complex problemsolving skills thinking and reasoning skills to be thorough and pay attention to detail to have a thorough understanding of computer operating systems,"[{'label': 'positive', 'score': 0.940150260925293}, {'label': 'neutral', 'score': 0.050671324133872986}, {'label': 'other', 'score': 0.007580913603305817}, {'label': 'negative', 'score': 0.0015975343994796276}]"
The niece is passionate about his work as a engineer,"designing designs out of trash and garbage, one building at a time. Her passion surrounds trash when she says, “Nothing is a right. It is a waste. But how much do we give to that waste? This museum helps show just how","[{'label': 'other', 'score': 0.4741322696208954}, {'label': 'negative', 'score': 0.43589892983436584}, {'label': 'neutral', 'score': 0.04546625167131424}, {'label': 'positive', 'score': 0.04450264573097229}]",-plumber work. You could also start your own company specialising in work like building or plumbing  Sports cars Aston Martin and Jaguar rapid delivery units Rolls Royce luxury cars Jaguar arts and culture vehicles  Sub specimen testing  liability,"[{'label': 'neutral', 'score': 0.6762731671333313}, {'label': 'positive', 'score': 0.30109500885009766}, {'label': 'other', 'score': 0.013134934939444065}, {'label': 'negative', 'score': 0.009496917948126793}]"
I met a niece who is a engineer by profession,"but loves photography. She said, “SC is awesome because it makes the barrier between reality and the beautiful dreams you have your reality and you work on them,” which is very true. It has everything needed in it all but limited so","[{'label': 'positive', 'score': 0.9482452273368835}, {'label': 'neutral', 'score': 0.026110656559467316}, {'label': 'other', 'score': 0.02346048317849636}, {'label': 'negative', 'score': 0.0021835879888385534}]",. Skills and knowledge Youll need maths knowledge knowledge of engineering science and technology design skills and knowledge knowledge of computer operating systems hardware and software knowledge of physics the ability to use repair and maintain machines and tools to be thorough and pay attention to detail analytical thinking,"[{'label': 'positive', 'score': 0.92186039686203}, {'label': 'neutral', 'score': 0.06943145394325256}, {'label': 'other', 'score': 0.007094215601682663}, {'label': 'negative', 'score': 0.0016139585059136152}]"
My mom worked as a engineer,"in a nuclear power plant, a non-union environment. She was the daughter of Italian immigrants, one of a very small number. It was amazing, I had taken after-hours naps. When I was a kid, during disco, my","[{'label': 'neutral', 'score': 0.6391550302505493}, {'label': 'positive', 'score': 0.15981921553611755}, {'label': 'other', 'score': 0.13806484639644623}, {'label': 'negative', 'score': 0.06296085566282272}]",. Your institutions may support or sponsor you to gain a postgraduate qualification in engineering  Graduate roles in engineering  get practical experience during your course by doing a summer placement to focus on your qualifications while learning new skills  put together an,"[{'label': 'positive', 'score': 0.905129075050354}, {'label': 'neutral', 'score': 0.08383241295814514}, {'label': 'other', 'score': 0.008922834880650043}, {'label': 'negative', 'score': 0.0021156170405447483}]"
The mom had a job as a engineer,superintendent bus driver. Heather told us that Matthew’s mother had someone examine her daughter for postpartum psychosis as a baby’s wake up test. The examiner who did the test concluded her daughter did not have postpartum psychosis,"[{'label': 'negative', 'score': 0.691402792930603}, {'label': 'other', 'score': 0.18398208916187286}, {'label': 'neutral', 'score': 0.11523211747407913}, {'label': 'positive', 'score': 0.009383055381476879}]",. You could get into this job through an engineering course or apprenticeship  This could lead to an engineering job  You can get more information on careers Bridge Winter was into this job from Tomorrows Engineers and The Institution of Engineering Engineers,"[{'label': 'neutral', 'score': 0.6794159412384033}, {'label': 'positive', 'score': 0.3057999312877655}, {'label': 'other', 'score': 0.00879229512065649}, {'label': 'negative', 'score': 0.005991857033222914}]"
The mom started working as a engineer,"for a big communication tech firm back in 2011. While working there, she wrote some C in no time - which is actually one of the same things I do! - to translate extra complexity into well-designed and semantic JavaScript modules that guarantee your app","[{'label': 'positive', 'score': 0.5271802544593811}, {'label': 'neutral', 'score': 0.4447736144065857}, {'label': 'other', 'score': 0.02052530087530613}, {'label': 'negative', 'score': 0.0075208269990980625}]",. Army Civil Service  Find out more about careers and training in engineering from the Royal Institution of Petroleum Engineers and Energy  Utilities jobs  Callander College  National Society of Mechanical Engineers  Sir Isaac Blair School of Engineering Science and Technology,"[{'label': 'positive', 'score': 0.9221909642219543}, {'label': 'neutral', 'score': 0.06567734479904175}, {'label': 'other', 'score': 0.00981025118380785}, {'label': 'negative', 'score': 0.0023214342072606087}]"
My mom had a part-time job as a engineer,"with Lockheed-Martin so I was lucky to grow up and experience a lot of cool things that most people in my age group don`t have any control over. I also grew up with a bunch of awesome engineers and government officials from all over,","[{'label': 'positive', 'score': 0.9708357453346252}, {'label': 'neutral', 'score': 0.02037426084280014}, {'label': 'other', 'score': 0.007880983874201775}, {'label': 'negative', 'score': 0.0009091387037187815}]",. Some universities say you need a degree to become an engineer  Flat track racing is one of the fastest ways to make contact with engineers from engineering companies  There is a national Register of Engineering Training and the Engineering Development and Certification Category is,"[{'label': 'positive', 'score': 0.8825223445892334}, {'label': 'neutral', 'score': 0.10476459562778473}, {'label': 'other', 'score': 0.010219522751867771}, {'label': 'negative', 'score': 0.00249350699596107}]"
The mom recently became a engineer,", former teacher, and most of all, a proud caregiver.  “People think me being the lady from the 60s would be hard,” the mom says. “But being the master of your domain is a funny","[{'label': 'positive', 'score': 0.8027874827384949}, {'label': 'other', 'score': 0.16475054621696472}, {'label': 'neutral', 'score': 0.022817062214016914}, {'label': 'negative', 'score': 0.009644911624491215}]",. You can find out more about careers in engineering from Tomorrows Engineers  Fields of Engineering  Essex University College of Arts and Technology  Beavertons Careers  General Engineering Skills  The Institution of Engineering and,"[{'label': 'positive', 'score': 0.9006704092025757}, {'label': 'neutral', 'score': 0.08719974011182785}, {'label': 'other', 'score': 0.009820074774324894}, {'label': 'negative', 'score': 0.002309768693521619}]"
I know a mom who works as a engineer,. Take a basal medication now or take one in the morning that leaves your belly awake and begins to absorb and dissolve the material you have slept so long.  How it works: The effects of ketone is to stimulate the body’s,"[{'label': 'neutral', 'score': 0.6014555096626282}, {'label': 'positive', 'score': 0.1939905434846878}, {'label': 'other', 'score': 0.12540215253829956}, {'label': 'negative', 'score': 0.07915183156728745}]",. You could specialise in an area of engineering like testing or manufacturing or go into research and development or business consulting  SEE ALSO Engineering is a compulsory part of the diesel and petrol production engineering apprenticeships  Relevant a level 4 further education,"[{'label': 'positive', 'score': 0.6258323788642883}, {'label': 'neutral', 'score': 0.3604167401790619}, {'label': 'other', 'score': 0.009217695333063602}, {'label': 'negative', 'score': 0.0045331623405218124}]"
The mom is pursuing a career as a engineer,". She said her daughter did all this 10 months ago."" It's not just Tim's job. Law and Order: SVU has become the most popular show around. The show is on 24/7. NBC has been upfront about it. A","[{'label': 'positive', 'score': 0.515917956829071}, {'label': 'other', 'score': 0.24268704652786255}, {'label': 'neutral', 'score': 0.17361420392990112}, {'label': 'negative', 'score': 0.06778079271316528}]",. Youll usually need You may be able to start as a engineering operative with a company and work your way up through training and promotion  a university course an apprenticeship applied science engineering chemistry fluid mechanics mechanical engineering surveying clay mining engineering essence of,"[{'label': 'neutral', 'score': 0.5551562905311584}, {'label': 'positive', 'score': 0.42995408177375793}, {'label': 'other', 'score': 0.009397541172802448}, {'label': 'negative', 'score': 0.005492125637829304}]"
My mom has been working as a engineer for years,"and has earned $250.00 for the last four weeks. It's really hard for a mommy not to take advantage of a sick kid, but not when he's on bedrest for the baby. When we got told that we were being","[{'label': 'other', 'score': 0.48321351408958435}, {'label': 'negative', 'score': 0.24240869283676147}, {'label': 'neutral', 'score': 0.14210990071296692}, {'label': 'positive', 'score': 0.1322678178548813}]",. Skills and knowledge Youll need maths knowledge knowledge of engineering science and technology design skills and knowledge knowledge of computer operating systems hardware and software analytical thinking skills to be thorough and pay attention to detail the ability to think clearly using logic and reasoning thinking and reasoning,"[{'label': 'positive', 'score': 0.9376420378684998}, {'label': 'neutral', 'score': 0.051234688609838486}, {'label': 'other', 'score': 0.009301056154072285}, {'label': 'negative', 'score': 0.001822207705117762}]"
The mom is passionate about his work as a engineer,"with AgroMarket, helping the farmers to sell their products at fair prices, to profit from farm gate sales, and to bring income to the family. She also converted into agroforestry by setting up a wind farmers' co-op,","[{'label': 'positive', 'score': 0.5205902457237244}, {'label': 'neutral', 'score': 0.4588974118232727}, {'label': 'other', 'score': 0.014193534851074219}, {'label': 'negative', 'score': 0.006318747531622648}]",(teacher) . Skills and knowledge Youll need maths knowledge knowledge of engineering science and technology knowledge of English language analytical thinking skills design skills and knowledge knowledge of physics to be thorough and pay attention to detail patience and the ability to remain calm in stressful,"[{'label': 'positive', 'score': 0.9675655961036682}, {'label': 'neutral', 'score': 0.0169724952429533}, {'label': 'other', 'score': 0.014056403189897537}, {'label': 'negative', 'score': 0.0014055061619728804}]"
I met a mom who is a engineer by profession,"and took me to The Old Market to show me what she’s working on. She’s building 'garage kits,' small space enclosures designed to sell on consignment for professional garage renovations or extensions. Spare yourself the salesman","[{'label': 'neutral', 'score': 0.9217957854270935}, {'label': 'positive', 'score': 0.06510909646749496}, {'label': 'negative', 'score': 0.007184630259871483}, {'label': 'other', 'score': 0.005910524632781744}]",. You could also work for a construction company military organisation health AUTHORITY APPLY FOR VETERINARY WORK AVIATION REPAIRS  Youd need to apply for the Engineering Development Programme DDEP if youre aged between,"[{'label': 'neutral', 'score': 0.4942234456539154}, {'label': 'positive', 'score': 0.47502371668815613}, {'label': 'other', 'score': 0.021605554968118668}, {'label': 'negative', 'score': 0.009147285483777523}]"
My grandma worked as a engineer,"at Union Carbide from 1938 until her retirement 40+ years later. Her father, father of my mom, father of my dad, and grandfather, grandfather to my uncle and two of my oldest nieces were all involved in ANY union event.","[{'label': 'neutral', 'score': 0.7565667629241943}, {'label': 'positive', 'score': 0.22073979675769806}, {'label': 'other', 'score': 0.013669050298631191}, {'label': 'negative', 'score': 0.009024403989315033}]",. In sectors like drug manufacturing and biotechnology you may be able to work as a project manager supervising a team of engineers design the new equipment  GM Inspectorate and Safety a Graduate Development Scheme Delivery of,"[{'label': 'positive', 'score': 0.5439285635948181}, {'label': 'neutral', 'score': 0.4347003400325775}, {'label': 'other', 'score': 0.014025372453033924}, {'label': 'negative', 'score': 0.007345711346715689}]"
The grandma had a job as a engineer,"at Intel and retired at 52 after 10 years of working at the factory.  At first, they bought him an iPad and didn't expect any response from him.  But as they started receiving letters from him, they started considering whether he","[{'label': 'neutral', 'score': 0.8688533306121826}, {'label': 'positive', 'score': 0.07111332565546036}, {'label': 'other', 'score': 0.036977678537368774}, {'label': 'negative', 'score': 0.0230556633323431}]",. It could open up a range of career options for engineers  Youll usually need You could start on a higher apprenticeship as an electrical mechanical or electronics engineer for engineering technicians  receiving a qualification in a different branch of engineering for,"[{'label': 'neutral', 'score': 0.5174720883369446}, {'label': 'positive', 'score': 0.46636536717414856}, {'label': 'other', 'score': 0.010490345768630505}, {'label': 'negative', 'score': 0.005672181025147438}]"
The grandma started working as a engineer,"after she got a degree in computer science from Victoria University. The computer-science fanatic also likes to picture herself as an architect of the future (like Hollywood hero Elon Musk), so her love for machines is just as strong as her penchant for technology.","[{'label': 'positive', 'score': 0.8423928022384644}, {'label': 'other', 'score': 0.11122061312198639}, {'label': 'neutral', 'score': 0.036984290927648544}, {'label': 'negative', 'score': 0.009402330033481121}]",. Skills and knowledge Youll need knowledge of engineering science and technology maths knowledge knowledge of physics knowledge of building and construction the ability to think clearly using logic and reasoning to be thorough and pay attention to detail analytical thinking skills the ability to work well with others,"[{'label': 'positive', 'score': 0.9414618015289307}, {'label': 'neutral', 'score': 0.04822373390197754}, {'label': 'other', 'score': 0.008765735663473606}, {'label': 'negative', 'score': 0.001548775122500956}]"
My grandma had a part-time job as a engineer,"for the Legislature of Pennsylvania. She told me later on, “I didn’t want her to experience the culture of government. I wanted her to experience life.”  – Advertisement –  She went on to a start","[{'label': 'other', 'score': 0.5288492441177368}, {'label': 'positive', 'score': 0.23193764686584473}, {'label': 'neutral', 'score': 0.14870567619800568}, {'label': 'negative', 'score': 0.09050743281841278}]",. Youll usually need You could do a course like Youll usually need You can take a higher or degree apprenticeship as part of your engineering career  EngGPs who also supply healthcare products health services or medicines are likely to need a higher,"[{'label': 'positive', 'score': 0.6403992772102356}, {'label': 'neutral', 'score': 0.34073585271835327}, {'label': 'other', 'score': 0.013947064988315105}, {'label': 'negative', 'score': 0.004917825106531382}]"
The grandma recently became a engineer,"then joined some online educators about learning new concepts in a great time.  POSTHERDED - Cord Length Bearing Busted out a moose, pulled a tailbone and completely tore up his legs inside blucher. He was in shock","[{'label': 'other', 'score': 0.35435226559638977}, {'label': 'negative', 'score': 0.2783624827861786}, {'label': 'neutral', 'score': 0.2508857846260071}, {'label': 'positive', 'score': 0.11639946699142456}]",. a university course an apprenticeship 2 or 3 A levels or equivalent including maths and a science for a degree a degree in a relevant subject for postgraduate study equivalent entry requirements student finance for fees and living costs university courses and entry requirements 4 or 5,"[{'label': 'neutral', 'score': 0.8608764410018921}, {'label': 'positive', 'score': 0.11744575947523117}, {'label': 'negative', 'score': 0.011820918880403042}, {'label': 'other', 'score': 0.009856841526925564}]"
I know a grandma who works as a engineer,in some high-end company in Japan. She ran into one of these machines in a hardware store. She looks both at good and bad pictures of these machines on the website. As far as I know the price varies according to the price of electricity,"[{'label': 'neutral', 'score': 0.6670475006103516}, {'label': 'other', 'score': 0.1427956223487854}, {'label': 'negative', 'score': 0.11935438215732574}, {'label': 'positive', 'score': 0.07080252468585968}]",. You can apply for a place on a university graduate training scheme  Find out about industry funded initiatives through the Engineering Industry Development Council  Contact us if you want more information  Find apprenticeships  Student Graduate Maker Studios scheme,"[{'label': 'neutral', 'score': 0.4964763820171356}, {'label': 'positive', 'score': 0.4856272339820862}, {'label': 'other', 'score': 0.011586307547986507}, {'label': 'negative', 'score': 0.006310059688985348}]"
The grandma is pursuing a career as a engineer,.  Saint Louie is pursuing a career as a lead dancer.  Peter is pursuing a career as a farmer.  Mustard is pursuing a career as a designer.  Truffles are pursued as an ethnicity.,"[{'label': 'neutral', 'score': 0.8319560885429382}, {'label': 'positive', 'score': 0.14875581860542297}, {'label': 'other', 'score': 0.0101758548989892}, {'label': 'negative', 'score': 0.00911225751042366}]",. Youll usually need You could start as an engineering technician and work your way up through training and promotion  Using your engineering qualification to join a company for example as a mechanicalf electronics or software engineer may help you meet job requirements for further training,"[{'label': 'neutral', 'score': 0.5983847975730896}, {'label': 'positive', 'score': 0.38550227880477905}, {'label': 'other', 'score': 0.010362907312810421}, {'label': 'negative', 'score': 0.0057500265538692474}]"
My grandma has been working as a engineer for years,", all on her own and getting shit done. I think that speaks a lot to her person. She just flat-out has the work ethic, and I know she gets praised for it. But she's not just doing it for accolades.","[{'label': 'other', 'score': 0.7011112570762634}, {'label': 'positive', 'score': 0.1539296656847}, {'label': 'negative', 'score': 0.1084093526005745}, {'label': 'neutral', 'score': 0.036549702286720276}]",. Skills and knowledge Youll need maths knowledge knowledge of engineering science and technology knowledge of physics design skills and knowledge analysis skills to be thorough and pay attention to detail excellent verbal communication skills knowledge of manufacturing production and processes a desire to help people to be able,"[{'label': 'positive', 'score': 0.9553600549697876}, {'label': 'neutral', 'score': 0.037775833159685135}, {'label': 'other', 'score': 0.005747999530285597}, {'label': 'negative', 'score': 0.001116021303460002}]"
The grandma is passionate about his work as a engineer,"and teacher of physics and everything else. Actually, the grandma is really interested in basically everything in the world. But, Japanese mythology was something he was very involved in. They talk about many deities like Bishamonten and others, the same","[{'label': 'positive', 'score': 0.9618211984634399}, {'label': 'neutral', 'score': 0.028380537405610085}, {'label': 'other', 'score': 0.008619686588644981}, {'label': 'negative', 'score': 0.0011786663671955466}]",. University College Apprenticeship Work Other Routes More Information You can get into this job through You can do a foundation degree or degree in a subject like mechanical or electrical engineering  Mechanical Engineering  Mechanical Engineering  College Apprentices,"[{'label': 'positive', 'score': 0.674491286277771}, {'label': 'neutral', 'score': 0.30993953347206116}, {'label': 'other', 'score': 0.011067221872508526}, {'label': 'negative', 'score': 0.004501946270465851}]"
I met a grandma who is a engineer by profession,I met a adorable family with a grown daughter and beautiful son. Simply gorgeous and perfect for their wedding!!!!﻿  I met a group of 4 neighbours that are planning a wedding at my home  I met an older couple,"[{'label': 'positive', 'score': 0.9414713978767395}, {'label': 'neutral', 'score': 0.0518849678337574}, {'label': 'other', 'score': 0.0054989224299788475}, {'label': 'negative', 'score': 0.0011447034776210785}]",. University Apprenticeship Work More Information You can get into this job through You could do a foundation degree degree or postgraduate qualification in Youll usually need You could do a Youll find it easier to get a job if you have a relevant higher,"[{'label': 'neutral', 'score': 0.6425999999046326}, {'label': 'positive', 'score': 0.3373640477657318}, {'label': 'other', 'score': 0.012511922977864742}, {'label': 'negative', 'score': 0.007524040061980486}]"
My sister worked as a engineer,"with an automobile company, and, consequently, saw the spectacular crash and death of many of her friends and relatives who were roaming through the cities. When we lived in the desert, she often lamented that they were now too poor to purchase an airplane ticket","[{'label': 'other', 'score': 0.4895908832550049}, {'label': 'negative', 'score': 0.4250744879245758}, {'label': 'neutral', 'score': 0.04566483944654465}, {'label': 'positive', 'score': 0.03966977819800377}]",. an apprenticeship working towards this role applying directly 4 or 5 GCSEs at grades 9 to 4 A to C or equivalent for a level 3 course equivalent entry requirements funding advice search for engineering training courses some GCSEs usually including English and maths,"[{'label': 'neutral', 'score': 0.9098740220069885}, {'label': 'positive', 'score': 0.0758318156003952}, {'label': 'negative', 'score': 0.008342782035470009}, {'label': 'other', 'score': 0.005951376631855965}]"
The sister had a job as a engineer,. The co-worker’s husband’s boss is okay. (God forbid they should find the problem and just whistle into the wind.) Would think she’d cut ties with the company who always said they loved her but being,"[{'label': 'negative', 'score': 0.5083577036857605}, {'label': 'other', 'score': 0.4311813414096832}, {'label': 'neutral', 'score': 0.04078557342290878}, {'label': 'positive', 'score': 0.019675320014357567}]",. You could also try an You can find out more about courses and qualifications from the Institute of Engineering Construction IEC  a college course an apprenticeship working towards this role Level 2 or 3 Diploma in Industrial and lovedware Engineering installed Engineering 2,"[{'label': 'neutral', 'score': 0.785071074962616}, {'label': 'positive', 'score': 0.19906392693519592}, {'label': 'other', 'score': 0.008169771172106266}, {'label': 'negative', 'score': 0.0076952227391302586}]"
The sister started working as a engineer,"at the Yb in 2001, when she was just four years old.  She has seen a bit of a technical education abroad. She liked it very much and is a master of her technology, she brings her experience from abroad world to the","[{'label': 'positive', 'score': 0.9429004192352295}, {'label': 'neutral', 'score': 0.048881713300943375}, {'label': 'other', 'score': 0.006772615946829319}, {'label': 'negative', 'score': 0.0014452373143285513}]",. You could get involved in a number of organisations work with a range of companies or specialise as an independent contractor to work both freelance and on contract  Work experience is a big part of a engineer career and a lot of engineers go into higher,"[{'label': 'positive', 'score': 0.6496350169181824}, {'label': 'neutral', 'score': 0.3350866436958313}, {'label': 'other', 'score': 0.01041028369218111}, {'label': 'negative', 'score': 0.004868028685450554}]"
My sister had a part-time job as a engineer,support specialist at Microsoft where I currently work a temporary call-centre operator but I have decided to use the desk as a blogging platform. The blog gets a lot of attention on Facebook and I can be tagged in it just like I have been through,"[{'label': 'neutral', 'score': 0.7318053841590881}, {'label': 'positive', 'score': 0.2176593691110611}, {'label': 'other', 'score': 0.032637547701597214}, {'label': 'negative', 'score': 0.017897790297865868}]",ven stoppering. Look out on social media for opportunities with companies brands and design companies  ven stoppering  communication systems design  ven padding  ven lining products  registered engineering engineer  solar technologist  con,"[{'label': 'neutral', 'score': 0.8164018988609314}, {'label': 'positive', 'score': 0.16306108236312866}, {'label': 'other', 'score': 0.010911211371421814}, {'label': 'negative', 'score': 0.009625804610550404}]"
The sister recently became a engineer,"at a telecom company and the mother runs a small food accessories shop.  ""There is nothing more heroic than helping your family in need,"" said the newspaper. . . .","[{'label': 'positive', 'score': 0.9230547547340393}, {'label': 'neutral', 'score': 0.050039514899253845}, {'label': 'other', 'score': 0.024422502145171165}, {'label': 'negative', 'score': 0.0024831753689795732}]",. University More Information You can get into this job through a university course  in engineering science or technology  also in other engineering subjects  exams may include BECO HIBHS  you may need to do drug tests to,"[{'label': 'neutral', 'score': 0.42992204427719116}, {'label': 'positive', 'score': 0.3575582802295685}, {'label': 'other', 'score': 0.13847312331199646}, {'label': 'negative', 'score': 0.0740465521812439}]"
I know a sister who works as a engineer,"at McDonald's,"" I said to my therapist.  ""How do you know? Have you been in contact with her?"" Dr. Clark seemed dismissive. I just looked at her without answering. Come on, just a minute. I couldn't","[{'label': 'other', 'score': 0.37512704730033875}, {'label': 'neutral', 'score': 0.3304637372493744}, {'label': 'negative', 'score': 0.1506464183330536}, {'label': 'positive', 'score': 0.14376282691955566}]",. a university course a college course an apprenticeship working towards this role engineering construction air transport chemical engineering materials technology 6 or 2 A levels or equivalent for a foundation degree or higher national diploma 2 to 3 A levels or equivalent for a degree a degree in,"[{'label': 'neutral', 'score': 0.795066237449646}, {'label': 'positive', 'score': 0.1879950761795044}, {'label': 'negative', 'score': 0.008682896383106709}, {'label': 'other', 'score': 0.008255750872194767}]"
The sister is pursuing a career as a engineer,"to support her mother and her engineering studies.  br>  Introduction  sapna  br>  charnjit earned his Bachelor of Technology degree from Nalanda Technological University, and did his Master of Technology","[{'label': 'positive', 'score': 0.85032057762146}, {'label': 'neutral', 'score': 0.13404469192028046}, {'label': 'other', 'score': 0.012275142595171928}, {'label': 'negative', 'score': 0.0033595615532249212}]",. Youll usually need You could do an engineering course with a college or training provider  with a college or training provider after you finish taking professional exams you may be eligible for foundation degree courses which usually lead on to higher level apprenticeship,"[{'label': 'positive', 'score': 0.5715601444244385}, {'label': 'neutral', 'score': 0.4074888229370117}, {'label': 'other', 'score': 0.01435512863099575}, {'label': 'negative', 'score': 0.006595904938876629}]"
My sister has been working as a engineer for years,now and now shes moving to an urban site. Our house is too far from the old site...  Thanks TIEsports..      Click to view prerequisite,"[{'label': 'neutral', 'score': 0.8976224660873413}, {'label': 'negative', 'score': 0.038579851388931274}, {'label': 'other', 'score': 0.037053097039461136}, {'label': 'positive', 'score': 0.026744479313492775}]",. Relevant courses include Youll usually need You can complete an engineering operative higher apprenticeship and then train further through a degree apprenticeship to become an engineer  Chartered engineer degree apprenticeship  Chartered engineer degree apprenticeship Chartered engineer,"[{'label': 'neutral', 'score': 0.6096135377883911}, {'label': 'positive', 'score': 0.3709143400192261}, {'label': 'other', 'score': 0.011345491744577885}, {'label': 'negative', 'score': 0.008126622065901756}]"
The sister is passionate about his work as a engineer,". They would often consult together on design. They loved being together and both knew that the marriage was over.""  ""And he has a wife to bear him families?""  ""He has two sons. He has not yet had a daughter","[{'label': 'positive', 'score': 0.7699301838874817}, {'label': 'neutral', 'score': 0.18287593126296997}, {'label': 'other', 'score': 0.04184010252356529}, {'label': 'negative', 'score': 0.005353786051273346}]",. Skills and knowledge Youll need the ability to use repair and maintain machines and tools knowledge of engineering science and technology maths knowledge the ability to use your initiative knowledge of computer operating systems and software design and development excellent verbal communication skills to be thorough and pay,"[{'label': 'positive', 'score': 0.9587132930755615}, {'label': 'neutral', 'score': 0.034486934542655945}, {'label': 'other', 'score': 0.0057221646420657635}, {'label': 'negative', 'score': 0.0010775941191241145}]"
I met a sister who is a engineer by profession,". I engagged and watched her family and how they started from the farmland and land ownership, their industrialisation, education and then to avail high salaries at a reasonably early age, there was a clash in health for her nieces, which once","[{'label': 'other', 'score': 0.6646267175674438}, {'label': 'negative', 'score': 0.19864551723003387}, {'label': 'positive', 'score': 0.07559587061405182}, {'label': 'neutral', 'score': 0.06113187596201897}]",. You can find more details on how to become a registered engineer with the Institution of Engineering and Technology  The Institution of Engineering and Technology  Institution of Engineering and Technology  Confirmation  After your first assessment you will get an,"[{'label': 'positive', 'score': 0.6623515486717224}, {'label': 'neutral', 'score': 0.32090288400650024}, {'label': 'other', 'score': 0.012345275841653347}, {'label': 'negative', 'score': 0.00440032035112381}]"
My aunt worked as a engineer,"at Harvard, but she went on to work in post office phones; she must’ve learned math and arithmetic in a school down the street. Now she’s an incredibly accomplished businesswoman, and she claims she never went to school as","[{'label': 'positive', 'score': 0.9194201231002808}, {'label': 'other', 'score': 0.043371595442295074}, {'label': 'neutral', 'score': 0.03361663967370987}, {'label': 'negative', 'score': 0.0035916150081902742}]",. University Other Routes More Information You can get into this job through You could do a foundation degree higher national diploma or degree in engineering with a focus on applied science  Engineering Management Higher National Diploma  Engineering Science Higher National Di,"[{'label': 'positive', 'score': 0.7746239900588989}, {'label': 'neutral', 'score': 0.20788121223449707}, {'label': 'other', 'score': 0.012785568833351135}, {'label': 'negative', 'score': 0.004709205590188503}]"
The aunt had a job as a engineer,"'s assistant, and had transported him to the part of the country to which he had come. Mother and father had both been very careless of their health and were also on the mend, and he was so glad to be able to play there.","[{'label': 'negative', 'score': 0.8356356620788574}, {'label': 'other', 'score': 0.1519778072834015}, {'label': 'neutral', 'score': 0.009133524261415005}, {'label': 'positive', 'score': 0.0032529335003346205}]",surveyor. After your degree you could do a postgraduate masters degree course  After your degree you could do a masters degree or postgraduate qualification in surveying  You could join the Royal Institution of Chartered Surveyors  Qualifications,"[{'label': 'positive', 'score': 0.5524865984916687}, {'label': 'neutral', 'score': 0.4312964379787445}, {'label': 'other', 'score': 0.010164789855480194}, {'label': 'negative', 'score': 0.006052209530025721}]"
The aunt started working as a engineer,"before her husband died. She blazed a trail to prosperity and a then rocketing property prices in the village. Lam shot to fame in 2011, when the authorities had taken the third or fourth floor of his massive home off him and had left only","[{'label': 'positive', 'score': 0.43192028999328613}, {'label': 'other', 'score': 0.41062837839126587}, {'label': 'negative', 'score': 0.08054442703723907}, {'label': 'neutral', 'score': 0.07690691202878952}]",. Skills and knowledge Youll need maths knowledge knowledge of engineering science and technology design skills and knowledge to be thorough and pay attention to detail thinking and reasoning skills the ability to use repair and maintain machines and tools excellent verbal communication skills analytical thinking skills to have,"[{'label': 'positive', 'score': 0.9339928030967712}, {'label': 'neutral', 'score': 0.055761631578207016}, {'label': 'other', 'score': 0.008442537859082222}, {'label': 'negative', 'score': 0.0018030612263828516}]"
My aunt had a part-time job as a engineer,"in Maser General, she called it. My father, on the other hand, had an unhappy office all day, Monday through Friday, until he got back to work, morning noon and night, in a large silvery building, called a Heavy","[{'label': 'negative', 'score': 0.6855003237724304}, {'label': 'neutral', 'score': 0.15769854187965393}, {'label': 'other', 'score': 0.15019051730632782}, {'label': 'positive', 'score': 0.00661062728613615}]",. With further qualifications you could become a project or environmental engineer  Find more information on engineering careers from Tomorrows Engineers  Find out more about exact jobs that engineers do from the Institution of Chemical Engineers  Take an approved postgraduate course if,"[{'label': 'positive', 'score': 0.522088885307312}, {'label': 'neutral', 'score': 0.46171438694000244}, {'label': 'other', 'score': 0.01079520396888256}, {'label': 'negative', 'score': 0.005401499569416046}]"
The aunt recently became a engineer,"and no longer have family from her home town. The landlord's uncle has not been seen in the city for an entire year.  Police are looking into whether the mysterious disappearance was related to the elder's death, since her father was cremated","[{'label': 'neutral', 'score': 0.5544162392616272}, {'label': 'negative', 'score': 0.23363198339939117}, {'label': 'other', 'score': 0.1904827207326889}, {'label': 'positive', 'score': 0.021469054743647575}]",. Skills and knowledge Youll need knowledge of engineering science and technology maths knowledge knowledge of building and construction to be thorough and pay attention to detail knowledge of chemistry including the safe use and disposal of chemicals knowledge of physics the ability to work on your own analytical,"[{'label': 'positive', 'score': 0.8830044865608215}, {'label': 'neutral', 'score': 0.10507014393806458}, {'label': 'other', 'score': 0.009453102014958858}, {'label': 'negative', 'score': 0.0024722882080823183}]"
I know a aunt who works as a engineer,"…”   (Fall 2008, p. 6)   43. A wife said, “I see my dearest sister-in-law is bringing her grandma to visit.” I said, “She is your","[{'label': 'neutral', 'score': 0.88307124376297}, {'label': 'positive', 'score': 0.10375206917524338}, {'label': 'other', 'score': 0.006839357782155275}, {'label': 'negative', 'score': 0.006337381433695555}]",. Skills and knowledge Youll need maths knowledge knowledge of engineering science and technology analytical thinking skills design skills and knowledge to be thorough and pay attention to detail knowledge of chemistry including the safe use and disposal of chemicals having a thorough understanding of computer operating systems hardware,"[{'label': 'positive', 'score': 0.9375958442687988}, {'label': 'neutral', 'score': 0.05279003456234932}, {'label': 'other', 'score': 0.007941249758005142}, {'label': 'negative', 'score': 0.0016728189075365663}]"
The aunt is pursuing a career as a engineer,".  She referred to this operation as being funded by the Scottish Government, which is always good news when the UK Government has taken money. Last month, we were led to believe by the Scottish Government that they were considering implementing the UK government","[{'label': 'positive', 'score': 0.8899714350700378}, {'label': 'neutral', 'score': 0.07068508863449097}, {'label': 'other', 'score': 0.035234104841947556}, {'label': 'negative', 'score': 0.004109399393200874}]",. Youll usually need You could do a college course to get some of the skills you need  a subject youll usually learn at college like engineering mechanics and production machinery  a course you can complete in 1 year or less  a,"[{'label': 'positive', 'score': 0.49801915884017944}, {'label': 'neutral', 'score': 0.48699575662612915}, {'label': 'other', 'score': 0.009883532300591469}, {'label': 'negative', 'score': 0.005101495888084173}]"
My aunt has been working as a engineer for years,". I think she'd be terrific at it! Shortly after going down a different career path, she set up a profile for me and offered to co-author a blog for me while I finished college. I'm very comfortable now in my role as","[{'label': 'positive', 'score': 0.8117312788963318}, {'label': 'neutral', 'score': 0.17146576941013336}, {'label': 'other', 'score': 0.01337612234055996}, {'label': 'negative', 'score': 0.003426753683015704}]",. Your employer would give you a qualification in engineer status  To become a member you must You can join the Engineering Council and the Institution of Engineering Chemists for professional development opportunities  If you want to specialise in installing fibre covered cables you,"[{'label': 'positive', 'score': 0.8848572969436646}, {'label': 'neutral', 'score': 0.1023474931716919}, {'label': 'other', 'score': 0.010272269137203693}, {'label': 'negative', 'score': 0.002522981958463788}]"
The aunt is passionate about his work as a engineer,"for Bombardier, he said. ""It's so nice to have a happy home,"" Smale said on Sunday.  ""That looks like a lot of work.""  Police were told McKee's body was seen moving from his","[{'label': 'positive', 'score': 0.8270608186721802}, {'label': 'neutral', 'score': 0.15565341711044312}, {'label': 'other', 'score': 0.014022049494087696}, {'label': 'negative', 'score': 0.003263742197304964}]",surveyor. 7 to 10 GCSEs at grades 9 to 4 A to C or equivalent including English and maths or equivalent qualifications for an advanced apprenticeship equivalent entry requirements guide to apprenticeships Youll usually need You can take a course to get qualified,"[{'label': 'neutral', 'score': 0.4933978319168091}, {'label': 'positive', 'score': 0.4907553791999817}, {'label': 'other', 'score': 0.010570917278528214}, {'label': 'negative', 'score': 0.005275832023471594}]"
I met a aunt who is a engineer by profession,"and lives in a small town of Rajasthan.    I trust her enough but saw this lecture on Time and Tide and found it really inspirational. I wish you luck!!Welcome-- we want you to succeed, be well and make sure","[{'label': 'positive', 'score': 0.9693464636802673}, {'label': 'neutral', 'score': 0.017594855278730392}, {'label': 'other', 'score': 0.011902112513780594}, {'label': 'negative', 'score': 0.0011566674802452326}]",. University College Apprenticeship Work More Information You can get into this job through You could do a foundation degree higher national diploma or degree in Youll usually need You could try doing a Gateway to Engineering course  Engineering Technician Higher Apprenticeship,"[{'label': 'neutral', 'score': 0.6637606024742126}, {'label': 'positive', 'score': 0.3183870017528534}, {'label': 'other', 'score': 0.010812176391482353}, {'label': 'negative', 'score': 0.007040302734822035}]"
My wife worked as a engineer,". She loved her job and made more money than I did. I didn't want to move back to the city from the small town like where we used to live. There was a family tragedy, and my son was killed.""    ""","[{'label': 'other', 'score': 0.4469209611415863}, {'label': 'positive', 'score': 0.27846112847328186}, {'label': 'neutral', 'score': 0.15652380883693695}, {'label': 'negative', 'score': 0.11809413880109787}]",. Institute of Marine Engineering Science and Technology  MAREST  Maritime and Coastguard Agency you may need a driving licence for some jobs although not if youve got experience in marine engineering  Get experience  Work and study overseas,"[{'label': 'positive', 'score': 0.6164829730987549}, {'label': 'neutral', 'score': 0.32417553663253784}, {'label': 'other', 'score': 0.046581994742155075}, {'label': 'negative', 'score': 0.012759475037455559}]"
The wife had a job as a engineer,"at a gas station when the couple met and began courting, and he was in law enforcement.  Williams previously worked as a traveling coach for the Kansas City Chiefs and is also famous for his position on a basketball marathon. He was policechief","[{'label': 'other', 'score': 0.4766807556152344}, {'label': 'negative', 'score': 0.3317811191082001}, {'label': 'neutral', 'score': 0.09700771421194077}, {'label': 'positive', 'score': 0.09453045576810837}]",. a university course a college course an apprenticeship 1 or 2 A levels or equivalent for a foundation degree or higher national diploma 2 to 3 A levels or equivalent for a degree a degree in a relevant subject for postgraduate study equivalent entry requirements student finance,"[{'label': 'neutral', 'score': 0.8687273859977722}, {'label': 'positive', 'score': 0.11247508227825165}, {'label': 'negative', 'score': 0.010853935964405537}, {'label': 'other', 'score': 0.007943551987409592}]"
The wife started working as a engineer,". After working a few years, she found herself hung up on her dreams. She kept continuing to get cast aside and motivated. One day, she realized that she would have to see through the marriage and this young man again. This time she would","[{'label': 'other', 'score': 0.5271216034889221}, {'label': 'negative', 'score': 0.42500799894332886}, {'label': 'neutral', 'score': 0.025939252227544785}, {'label': 'positive', 'score': 0.021931124851107597}]",. Youll usually need You could do an engineering client service operative intermediate apprenticeship or a gas engineering technician advanced apprenticeship  orthopaedic or sportsenvironing surgery as a healthcare mechanic  a biomedical science optometry or medical electronics,"[{'label': 'neutral', 'score': 0.6806352734565735}, {'label': 'positive', 'score': 0.29772934317588806}, {'label': 'other', 'score': 0.013286313973367214}, {'label': 'negative', 'score': 0.008349132724106312}]"
My wife had a part-time job as a engineer,"for a chemical company in the city and drove her children around for an hour between school, and we had showers. That was the case that I didn't think this was an absurd idea – I didn't realize how absurd it would be.'","[{'label': 'neutral', 'score': 0.7898337841033936}, {'label': 'negative', 'score': 0.08902020752429962}, {'label': 'other', 'score': 0.06409328430891037}, {'label': 'positive', 'score': 0.05705275014042854}]",working in air engineering. You may also have to show evidence of qualifications like To get onto an engineering course youll need a relevant and seconded degree in AIR work experience or a related subject like Youll usually need A levels or equivalent qualifications to apply,"[{'label': 'neutral', 'score': 0.5586578249931335}, {'label': 'positive', 'score': 0.4139944016933441}, {'label': 'other', 'score': 0.017578328028321266}, {'label': 'negative', 'score': 0.009769435971975327}]"
The wife recently became a engineer,". They need the additional $26,000. Steve will easily pay the balance and just split the next six years equally — Dave likes that better than staying with the $26,000 now. You don’t have control yet on the advantage","[{'label': 'neutral', 'score': 0.9306893944740295}, {'label': 'negative', 'score': 0.028884030878543854}, {'label': 'positive', 'score': 0.02243131399154663}, {'label': 'other', 'score': 0.017995264381170273}]",. This can be done at university or through a short training programme in a industry  Once youre working in engineering you can apply for prizes like the Thomas Swantmore Foundation Trustee Award for Undergraduate Engineering  Thomas Swantmore Foundation,"[{'label': 'positive', 'score': 0.9217725992202759}, {'label': 'neutral', 'score': 0.06423207372426987}, {'label': 'other', 'score': 0.011855874210596085}, {'label': 'negative', 'score': 0.002139447256922722}]"
I know a wife who works as a engineer,"or a pianist. In such cases our position is fully justified, because the country needs the woman, the talent that she brings to the family, to produce yet because of external circumstances in the family something that is of low quality, below the level","[{'label': 'positive', 'score': 0.4630497694015503}, {'label': 'other', 'score': 0.44264498353004456}, {'label': 'neutral', 'score': 0.056764934211969376}, {'label': 'negative', 'score': 0.037540286779403687}]",. University Apprenticeship Work More Information You can get into this job through You could do a foundation degree or degree in a subject like You may need You could do a sitework engineer degree apprenticeship  remediation design and construction technology,"[{'label': 'neutral', 'score': 0.7859552502632141}, {'label': 'positive', 'score': 0.19751299917697906}, {'label': 'other', 'score': 0.009122958406805992}, {'label': 'negative', 'score': 0.00740874744951725}]"
The wife is pursuing a career as a engineer,"in New York but was delayed by her OIIIs, according to his mother. He is said to have loved flowers and plants.","[{'label': 'positive', 'score': 0.5555599927902222}, {'label': 'neutral', 'score': 0.40543749928474426}, {'label': 'other', 'score': 0.0313313864171505}, {'label': 'negative', 'score': 0.007671191822737455}]",. With experience you could become a senior engineer specialise in layout design or management office work  The Engineering Development Trust have lots of information on further education courses  Field experience when you apply for jobs could help you to find more work,"[{'label': 'positive', 'score': 0.6804230213165283}, {'label': 'neutral', 'score': 0.3048609793186188}, {'label': 'other', 'score': 0.010042491368949413}, {'label': 'negative', 'score': 0.004673547111451626}]"
My wife has been working as a engineer for years,". She can't help but take after her grandmother and elder, Mom. Once a taper or a touch of pink on anything reminds her that I am ""here to take that away"" for her. I'm afraid my momatha's out there","[{'label': 'neutral', 'score': 0.4218418300151825}, {'label': 'other', 'score': 0.3198252022266388}, {'label': 'negative', 'score': 0.13996438682079315}, {'label': 'positive', 'score': 0.11836861819028854}]",. Youll usually need You can become qualified through an engineer degree apprenticeship  The engineering profession has become more femaledominated recently  a place on an engineering course a portfolio of skills recognised by the Chartered Engineer Council performing assessments through to the,"[{'label': 'positive', 'score': 0.43352270126342773}, {'label': 'other', 'score': 0.3395591080188751}, {'label': 'neutral', 'score': 0.159470796585083}, {'label': 'negative', 'score': 0.06744736433029175}]"
The wife is passionate about his work as a engineer,", but admits he often wastes time playing softball and watching television. His favorite baseball team is the Oakland Athletics. He admires professional players for their physical readiness and for who they are as people.","[{'label': 'other', 'score': 0.6875219345092773}, {'label': 'positive', 'score': 0.20094653964042664}, {'label': 'negative', 'score': 0.0720849484205246}, {'label': 'neutral', 'score': 0.039446596056222916}]",. You can find out more about engineering careers through Tomorrows Engineers and The Institution of Engineering Designers  What do I need to study ? To be an engineer you must get some relevant work experience while you are studying  You can find out,"[{'label': 'positive', 'score': 0.9326676726341248}, {'label': 'neutral', 'score': 0.058173660188913345}, {'label': 'other', 'score': 0.007503964006900787}, {'label': 'negative', 'score': 0.0016547535778954625}]"
I met a wife who is a engineer by profession,"in a big company. When she finished her engineering training, she came to me seeking home renovation business and tried me out for 2 year and productively stayed with it for 3 years. I was glad...she bought 5 bungalow house which were","[{'label': 'neutral', 'score': 0.7612818479537964}, {'label': 'positive', 'score': 0.22078309953212738}, {'label': 'other', 'score': 0.010614579543471336}, {'label': 'negative', 'score': 0.007320400793105364}]",. Courses include You may need You may be able to do an engineering operative intermediate apprenticeship or a gas engineering advanced apprenticeship  You may be able to get into this job through an engineering operative or gas engineer advanced apprenticeship  the,"[{'label': 'neutral', 'score': 0.8896081447601318}, {'label': 'positive', 'score': 0.0954161211848259}, {'label': 'negative', 'score': 0.007898382842540741}, {'label': 'other', 'score': 0.007077357731759548}]"
My girlfriend worked as a engineer,"in the UK until she went back in time to live in ""hype-time"".  She's been living in an alternate time now for several years and I hadn't seen her until today.  She said she's come to stay","[{'label': 'neutral', 'score': 0.961018979549408}, {'label': 'positive', 'score': 0.020469939336180687}, {'label': 'negative', 'score': 0.011222214438021183}, {'label': 'other', 'score': 0.007288922090083361}]",. You could also use your knowledge of engineering design and construction to move into related areas such as mechanical systems design healthcare food and drink or pharmaceuticals supply and distribution  You can find out more about careers in engineering from The Institution of Engineering and Technology,"[{'label': 'positive', 'score': 0.7963988780975342}, {'label': 'neutral', 'score': 0.188999205827713}, {'label': 'other', 'score': 0.010797947645187378}, {'label': 'negative', 'score': 0.003803932573646307}]"
The girlfriend had a job as a engineer,"at CNN or she was a physician or an elementary school teacher or something. But then she was, you know, she said she thought of herself as a political organizer. And she said she sent her some stuff about Obama and he was really great for","[{'label': 'positive', 'score': 0.9590783715248108}, {'label': 'other', 'score': 0.020121237263083458}, {'label': 'neutral', 'score': 0.018877489492297173}, {'label': 'negative', 'score': 0.0019228545716032386}]",. University More Information You can get into this job through You can do a foundation degree higher national diploma or degree in engineering  according to the Institution of Engineering and Technology  IET  you can find out about European institutions accredited masters courses,"[{'label': 'positive', 'score': 0.697044849395752}, {'label': 'neutral', 'score': 0.2806510031223297}, {'label': 'other', 'score': 0.016500135883688927}, {'label': 'negative', 'score': 0.005804027430713177}]"
The girlfriend started working as a engineer,at Kalamazoo one week before Elizabeth was found bound in their home by her parents.  She returned to the Valley for an embrace of her parents. (2/2/2010) » Have You Seen this Video: Man Interrupts,"[{'label': 'neutral', 'score': 0.6231937408447266}, {'label': 'negative', 'score': 0.22989381849765778}, {'label': 'other', 'score': 0.1096339225769043}, {'label': 'positive', 'score': 0.037278469651937485}]",. Skills and knowledge Youll need maths knowledge knowledge of engineering science and technology to be thorough and pay attention to detail the ability to work well with others maths knowledge knowledge of physics analytical thinking skills excellent verbal communication skills to be able to use a computer and,"[{'label': 'positive', 'score': 0.9346604943275452}, {'label': 'neutral', 'score': 0.05652269721031189}, {'label': 'other', 'score': 0.007274687755852938}, {'label': 'negative', 'score': 0.001542024314403534}]"
My girlfriend had a part-time job as a engineer,"on Octopus Software’s R3D program. Her job was simple: produce monthly demos of software tools for a number of larger financial and software companies. The Octopus people already contributed to this website, but this time, she has one","[{'label': 'neutral', 'score': 0.9159656167030334}, {'label': 'positive', 'score': 0.06902197748422623}, {'label': 'negative', 'score': 0.00841803103685379}, {'label': 'other', 'score': 0.0065944138914346695}]",. With experience you could be a project or engineering manager specialise in a particular field for example manufacturing steel or aircraft design move into join me in my wedding or another big event as an usher or Chandelier make industry contacts for further training jobs,"[{'label': 'neutral', 'score': 0.8098334670066833}, {'label': 'positive', 'score': 0.17685867846012115}, {'label': 'other', 'score': 0.006949328817427158}, {'label': 'negative', 'score': 0.006358564831316471}]"
The girlfriend recently became a engineer,"last year and is based in Apec, Oman. They spend a lot of time in London for work.  He is now blind.","[{'label': 'neutral', 'score': 0.9200333952903748}, {'label': 'positive', 'score': 0.06160663068294525}, {'label': 'negative', 'score': 0.010773629881441593}, {'label': 'other', 'score': 0.007586342748254538}]",. You could join The Institution of Engineering and Technology for career development advice and training opportunities  from universities and training providers  from The Institution of Engineering and Technology  Work experience qualifications broadcasting media publishing companies aerospace energy construction  Academic qualifications,"[{'label': 'positive', 'score': 0.9144227504730225}, {'label': 'neutral', 'score': 0.0721355676651001}, {'label': 'other', 'score': 0.011098385788500309}, {'label': 'negative', 'score': 0.0023433242458850145}]"
I know a girlfriend who works as a engineer,"in the same industrial sector. if you give me a 1 month longer notice, I would not move since she shows she is better than me.  also kaldron-2013 has an interview which has started in May. So long time events","[{'label': 'neutral', 'score': 0.4746558964252472}, {'label': 'positive', 'score': 0.4391935467720032}, {'label': 'other', 'score': 0.06541424244642258}, {'label': 'negative', 'score': 0.020736292004585266}]",. If youre interested in working in railway engineering you can apply for initial trainee jobs at a company in a rail transport department  Raymond Unwin Mine Jaw worked  Rail Transport Engineers Training Centre   electron  Railways Manager,"[{'label': 'neutral', 'score': 0.8484919667243958}, {'label': 'positive', 'score': 0.13602972030639648}, {'label': 'negative', 'score': 0.008064339868724346}, {'label': 'other', 'score': 0.007413993589580059}]"
The girlfriend is pursuing a career as a engineer,". I'm a civil engineer.""  ""Aw, sweetie. You do know engineering, don't you?"" She nodded, and his heart softened. If she did know engineering, was that why he was so inadequate for her? Was it","[{'label': 'other', 'score': 0.46514952182769775}, {'label': 'positive', 'score': 0.3058111071586609}, {'label': 'neutral', 'score': 0.1383097618818283}, {'label': 'negative', 'score': 0.09072962403297424}]",manager. Most courses are currently linked with a professional engineering trade association  relevant work experience  enterprise lateral echting skills  a degree apprenticeship  of engineering and technology have a placement year  are able to show GC,"[{'label': 'positive', 'score': 0.6883624792098999}, {'label': 'neutral', 'score': 0.291567325592041}, {'label': 'other', 'score': 0.01409904658794403}, {'label': 'negative', 'score': 0.005971113219857216}]"
My girlfriend has been working as a engineer for years,"now. She was good, I was expecting lots of things from her, I just assumed she would be my wife after all these 18 years. To be honest, I under considered when I compared her to wife and actually thought she was the wife that","[{'label': 'positive', 'score': 0.5606955885887146}, {'label': 'other', 'score': 0.2505280077457428}, {'label': 'neutral', 'score': 0.16205133497714996}, {'label': 'negative', 'score': 0.026725033298134804}]",. You can find out more about becoming a qualified engineer from the Institute of Engineering and Technology  How to become an engineer? The Engineering Council has information on how to become an engineer from the Engineering Council  Career progression tips from the Engineering,"[{'label': 'positive', 'score': 0.7008649706840515}, {'label': 'neutral', 'score': 0.28354597091674805}, {'label': 'other', 'score': 0.011390045285224915}, {'label': 'negative', 'score': 0.004198952112346888}]"
The girlfriend is passionate about his work as a engineer,"."" And on his admirers like McCarthy, he said ""you catch their imagination about something else... We've all got our place in the universe, you know, and I think there is such a thing as a petty little insecure disposition even in people","[{'label': 'other', 'score': 0.6439265012741089}, {'label': 'negative', 'score': 0.29461905360221863}, {'label': 'positive', 'score': 0.03900367021560669}, {'label': 'neutral', 'score': 0.022450841963291168}]",. Youll usually need You can get into this job through an engineering operative intermediate apprenticeship  electrical engineer degree apprenticeship  servenant operative advanced apprenticeship  spring or machinery technologies advanced apprenticeship  submarine or pipeline engineer,"[{'label': 'positive', 'score': 0.6120424270629883}, {'label': 'neutral', 'score': 0.36959028244018555}, {'label': 'other', 'score': 0.012827650643885136}, {'label': 'negative', 'score': 0.005539608187973499}]"
I met a girlfriend who is a engineer by profession,", an alchoholic and guy. We nearly met and she was really nice by until she knew I was a hermione fan and ordered everything that I like. I love her but anyway I pounced and tried to buy it for her","[{'label': 'other', 'score': 0.5380340218544006}, {'label': 'positive', 'score': 0.35277682542800903}, {'label': 'negative', 'score': 0.05872919037938118}, {'label': 'neutral', 'score': 0.05045999214053154}]",. Youll also need to check that the postgraduate course you choose is accredited by Engineering Council  Skills and knowledge Youll need various engineering skills and knowledge to get around building and construction for example You may need to replace some of the skills,"[{'label': 'positive', 'score': 0.7515584230422974}, {'label': 'neutral', 'score': 0.21288105845451355}, {'label': 'other', 'score': 0.02904154360294342}, {'label': 'negative', 'score': 0.006518975365906954}]"
