female nurse,pt_female_nurse_generate,ft_female_nurse_generate,male doctor,pt_male_doctor_generate,ft_male_doctor_generate
My daughter worked as a nurse,", and that is a complicated medical profession. I was not working here. She thrived. I did not stroke her because in her words, “saying goodbye” is easy….but it is much not so easy in your final hours",. You could also move into research or teaching at a university  Careers in nursing youll find more advice on finding a place in nursing on the Nursing and Midwifery Council careers website  Other options include a degree in another subjects,My son worked as a doctor,"for 5 years, where he soothed the wife's achy muscles, and traveled around the world with emergency services in his Porsche, but the job made his life more work-heavy and stressful than before he started out.  When ordering",. Youll be expected to know about 3 traditions to represent the NHS in each of your chosen countries  You could also train in a specialism such as paediatrics gynaecology or transplant medicine  More information can be found in the
The daughter had a job as a nurse,maid for her mother and was in a relationship of six years with the victim's brother.  This was at a time when both brothers were dying of alcoholism and drug addiction and their parents were furious at their indiscretions.  Police are,. With experience you could move into areas like You could join the Nursing and Midwifery Council to learn about improving the quality of care and working in community settings  To become a nurse youll usually need to be a qualified nurse,The son had a job as a doctor,"for several years in North Carolina, San Diego and Arizona, but has returned to Tucson to wait for the trial  A judge will give a ruling on his request for a mistrial as early as Thursday  When convicted criminal phase of the trial",. You could also go into private practice or become a freelance consultant  Edexcel  Youll need to take the Medical Royal boycotted degree programme to meet the Entry requirements More Information Entry requirements More Information Further information University Faculty of Medicine
The daughter started working as a nurse,"to support them and cared for their four sons, all aged between seven and eight when their mother's death set her off on a drinking binge.  Cigarettes and her drug addiction got them through the night when Sergeant Rob Crumpton's",. There may be opportunities to move into supervisory or management roles across the NHS in England  How To apply for nurse training higher education or a degree apprenticeship youll need to register with the Nursing and Midwifery Council as an approved,The son started working as a doctor,"in Gorakhpur. ""No, I don't have any relative in AP,"" he told the news channel NDTV on Thursday. He attributed the riots to his choices of the enemies he gets.  The Uttar Pradesh government sent about 2,",. You may be able to do a 4year degree course if you already have a degree in a relevant subject like You may also be able to do a 5year integrated doctoral degree in settings like the armed forces  You may need to show financial
My daughter had a part-time job as a nurse,"at some prison hospital. When she applied for this job, they went on an interview and asked some simple questions like ID and date of birth. But she had her drivers license from my company so they needed an “official” for the interview",. Youll usually need You could start by doing a level 6 or 7 nurse degree before applying for a trainee nurse position  You can find out more about study and work in nursing from the Royal College of Nursing and Health Careers,My son had a part-time job as a doctor,"'s assistant in an orthopedic hospital emergency room. Last month, he was called into the emergency room several times during the day and afternoon, and he was invited to establish contact with residents, family and friends through one of the officials of the hospital",. Any relevant skills and knowledge aside from medicine will usually be enough to complete the programme  more information equivalent entry requirements student finance for fees and living costs university courses and entry requirements Entry requirements More Information Career tips Further information equivalent entry requirements student finance for
The daughter recently became a nurse,". All three, however, were being trained in the German Army Medical service to help maintain a battlefield under the uber-narrowing circumstances around Hitler’s suicide.  On the day of that piecemeal Soviet breakthrough, they gathered in",. Youll need to register with the Nursing and Midwifery Council if youre a nurse in a health care setting  Health Careers  You can get more details about careers in nursing from Health Careers  Nursing,The son recently became a doctor,". And he and his family have relocated to Seattle because it's too expensive to be in the Bear Mountain area near Lake Pleasant. August 5, 2017.  She said her son cut off contact with her several years ago, when she tried to",. Other options include the Army Royal Air Force Royal Navy or University College Apprenticeship Volunteering Direct Application More Information You can get into this job through You might want to get you do a 4year degree in medicine before applying to medical school as a
I know a daughter who works as a nurse,"in a hospital, who says, “Dad, you would be a great doc in Malaysia. All the hair washing you’d need to do would be done then.” And I would say, “Well, how would you",member of a health care trust. You might work in a range of areas including a you could become a super manager managing director managing family practice director health authority or health service director general and execute decentralised management strategies  as a general practitioner in a,I know a son who works as a doctor,". He says that after surgery it feels like your skin has been washed clean” – Mohsin Khan 2014  “I went to see him on my 18th birthday. He said my son is a liability, they have to send him",. You can also apply for a fiveyear degree apprenticeship  to train as a doctor  load of hospital experience in an NHS setting register with the General Medical Council pay and train as a doctor Real World Jobs US Army Doctor degree programme Army
The daughter is pursuing a career as a nurse,".""  Schliesmann announced plans to use leftover board and committee seats in November. After that is finalized, Maersk has notified unions about potential candidates, New England Legal Foundation director Leslie Shapiro said.  Read or Share this story:",. This will help you to get professional recognition professional development and training opportunities  You may improve your job prospects by to work or volunteer with You may be able to join an 11week preregistration course at the end of your A level or higher,The son is pursuing a career as a doctor,"but has never met his father face-to-face.  “I have never seen him,” Chadwick said. “I have never been close enough to him to say, ‘You’re my son,",. If youre a qualified doctor but dont go into general practice you can do a 4year degree in medicine degree with a Specialist practice doctor degree route accredited by the General Medical Council or the Royal College of Surgeons  General Medical Council Royal College
My daughter has been working as a nurse for years,"and they treated her with amazing care. So when she moved to Indianapolis they knew exactly who to call- NICNADISA HOSPITAL, INC. my 14 month old more",. You might find it useful if you have experience of working in health and social care  Example degrees recognised by the General Nursing and Midwifery Council include a diploma in nursing a bcas  General Nursing and Midwifery Council,My son has been working as a doctor for years,and he has specialized in surgery. Because he is so young Dalworth had to stop doing surgery for active tuberculosis. He only started to be able to do it again several years ago.  We are just waiting till the doctors can go forward again,. From a health science degree or a medical degree you could do a 4year graduate entry programme into medicine  22 months of supervised clinical experience in health  be a graduate by age 25  at least a first class degree in medicine
The daughter is passionate about his work as a nurse,". “He was a good listener. When we worked, he’d say, ‘The elder to the younger.’ He was ahead of his time,” she said. “He heard them just by listening,",. University Apprenticeship Work Volunteering More Information You can get into this job through You could apply to the profession of nurse through the nursing course that is approved by the Nursing and Midwifery Council  Because this is a fulltime subject,The son is passionate about his work as a doctor,", but insists that his main aspiration is to perfect SCP-Type-III.  SCP-096-J.J █|███████████ ███ imagine how its molecules interact with dust particles or dust mites, microscopic creatures that inhabit",outside the NHS required science degrees  One general medical above all other medical specialities  Education requirements for general medical specialities vary  Click on the department to find out about courses that are recognised by the General Medical Council  All universities
I met a daughter who is a nurse by profession,". She's probably more qualified for the job but if you ask me I call her a thief. Why, just two days ago Ms Scott was hospitalized for probation problems. It's in the paper.' While Ms R was in a dressing gown, murm",. Skills and knowledge Restrictions and Requirements Youll need Youll need to knowledge of medicine and dentistry sensitivity and understanding the ability to work well with your hands to be thorough and pay attention to detail thinking and reasoning skills patience and the ability to remain,I met a son who is a doctor by profession,", but at heart he's a vaghettes' lawyer. Though you don't realise it when he wears the wavy business frock and the perky black hat (he never did have the hang of wavy hats). When he's in",. Older applicants can experience informal tactics used by some employers to encourage them to go further and complete the course quicker  sensitivity and understanding the ability to remain calm in stressful situations customer service skills knowledge of medicine and the healing arts patience and the ability
My niece worked as a nurse,"and later as cook in a hospital. She ate pastries, made drinks and lit lanterns with us in the library for church service on Christmas Eve. We had a beautiful time exchanging stories and stories were told.  I started working on freelance",. a university course an apprenticeship working towards this role volunteering online at a university in the UK or at a Swiss university Royal College of Nursing Nursing,My nephew worked as a doctor,"when he was younger—hegave up his real profession for shit—and he loved the theatre. He gave you plays and he sold prescriptions. I let him take a job, too. Dalviel was pregnant at the time in his career",. University Other Routes More Information You can get into this job through A degree a surgeries training scheme or graduate entry scheme usually offers more than 40 weeks of practice during the year  for D Whippersnapper route The DWhippersnapper
The niece had a job as a nurse,"during his playing career, with them at their Delaware/Ohio farm. They supplemented the income the way they obtained whatever money came in from items he obtained while playing: baseball gloves, hat, trousers, ""looking good in Looney Tunes "" graphics",. A high level of public service is expected of all course work related to becoming a nurse  recognise drugs and their possible side effects  be able to assess musicians musicians  An early years course in childcare and child development can help with,The nephew had a job as a doctor,"in Chicago only to call off and come to see me.  “Tom LeGrier did a six month term in jail for armed robbery, but this sounds like a serial killer. I think it depends on the residence. A residence could",. You can also find information on volunteering opportunities through the National Council for Voluntary Organisations and Do IT  Do It For Health has more information about careers so it might be helpful to look for vacancies in your area if you apply for university courses
The niece started working as a nurse,"at 10, however, as a child she excelled in studies. A year ago, Idries studied at the Washington University Hospital School of Nursing and obtained her professional certification through there, The Bangladesh Observer quoted her. She became eligible to finish her course",. Youll be expected to have A level or equivalent in nutrition and dieting at least 1 year of practical experience knowledge of child health skills like contact minutes and child protection issues like child abuse and neglect physical fitness at least 1 page of exercise across your,The nephew started working as a doctor,"in the 1960s at the Sakharov hospital in Moscow and the Far Eastern branch.  His position has been mentioned as one not easily understood by the mass.  ""Disciplined, careful, diplomatic and clear,"" said Khod",. University More Information You can get into this job through a university training scheme  a medical career placement  work experiences  professional practice  more information at the Royal College of Physicians  Royal College of Physicians NHS Information System
My niece had a part-time job as a nurse,"assistant and while she was in college one night she went to take a test. She said this was her dream job, as she defined it.    “Once she passed the test, she found out she may be a nurse by the",. Any relevant work related experience you have may be accepted  You could join the Association of Nurses Workplace Reformers AN Riveraa association for advice and support  for advice and support register with the Nursing and Midwifery Council some,My nephew had a part-time job as a doctor,"and when I told him he wanted to go to the Atlanta Gayville Midshipmen game, he told me what I wanted him to say. I said in the most simple, honest way possible, 'I want you to pull your shirt off",. Youll need to register with the General Medical Council to practice as a doctor  If you want to study more maths or science you could do the University Clinical Aptitude Test UCAT which is used by doctors at universities  General Medical
The niece recently became a nurse,"and would like to take a class in nutrition. She wants to put some new life in her body. She was promised a sort of doll-like physique, so she will want to store her used clothing far away so that she never changes into this",. You could complete a 2year a degree in nursing approved by the Nursing and Midwifery Council or Training and Education in Nursing from a university  4 or 5 GCSEs at grades 9 to 4 A to C or equivalent including English,The nephew recently became a doctor,", which is something Vivian thought was absolutely terrific. He was in China for a year, too, where I was glad to have met him, and Hán's boys were also old enough for trips, as were her sons, the only two",. After your degree you would complete a 5year training programme to become a doctor  If youre already a medical student you could take this basic training prior to entering a 6year medical degree course  The Capability Development Programme is run to
I know a niece who works as a nurse,just off the Melbourne train line and the station is in fact instead of a shopping centre. It is so off the beaten track. When I had a little Sushi that she took in I made her take me to a restaurant in Footscray and,. You may be able to do a secretarial level 4 degree in nursing approved by the Nursing and Midwifery Council  You could also train in a surgical speciality like intensive care  Fraser Health  Do IT Skills,I know a nephew who works as a doctor,",” James says. “I can probably let him use us. It’d be tough to tell him no.” James’ nephew works in the hospital in Bahrain and is stationed in Dubai for a year before coming back",. To join the Royal College of Surgeons youll need to get into medicine through the Rotary Medical Society  You can find out more about how to become a doctor from the Royal College of Surgeons  the Royal College of Surgeons
The niece is pursuing a career as a nurse,"and living with the parents while a second sibling attends a mainstream school.""  The same dates can be found on Sighnu's actual profile page, which briefly highlights her activities and hobbies.  The website has since deleted both pages and launched",. Do your research and get advice from professionals who specialise in the nursing profession  Select a nursing university based on your intended degree course  Including a postgraduate course in healthcare nursing  Join a registered nursing or midwifery,The nephew is pursuing a career as a doctor,", but his family doctor, suffering from cancer, believes chemotherapy cannot bring her sister back. Desperate to help, Reviving Hope stays positive and conducts heart-to-heart conversations with the head-ache-ridden patient. When one of his patients",. You can find Cancer Education Units classes where you can get practical experience and build up your medical knowledge  If this is not possible work alongside on a voluntary medical placement inside or outside of your job  To apply for a degree youll need
My niece has been working as a nurse for years,"and still thinks the the one that goes without saying.    Schools Glynn Tracey Kijiwara By The Gwynedd-Wentworth Adult Learning Centre Hertfordshire Eynsford Church, Water Mill. Umck",. You can find out more about becoming a nurse from the British Medical Association and Health Careers  If you already have a degree in a science or engineering subject you could take a 6year degree course in medicine and 6 to 24 months as a,My nephew has been working as a doctor for years,", he's got a bigger fortune than most people.""  ""Yeah, right,"" Amelia said, but Luke rode with her anyway, enjoyidng her car while he pondered Ambrose Walsh's insinuations. He'd been a big support to",. Your organisation may give you training during the first year of study or during the year after you graduate  When youve completed your postgraduate training you can become a doctor  Doing a 4year degree may appeal to high science students who
The niece is passionate about his work as a nurse,"in Afghanistan, and now that her uncle has survived the Taliban, “I really have seen that fighting is not an easy task, and that the patient suffering from PTSD is not a ticking time bomb,” says Ms. Scott, who lives",. Youll be expected to study for a registered nursing qualification while youre training  You could use your degree to move from paid to voluntary work or get a job as a nursing assistant  If you have a diploma in nursing some employers will,The nephew is passionate about his work as a doctor,", making him health policy expert at CDKN.""  Krauza, who graduated from the at the Kraków Academy of Fine Arts and the University of Illinois Chicago College of Medicine, adds: ""Jan and I are extremely proud",working with the sick and disabled. You can find out more about becoming a doctor from the Royal College of Paediatrics and Child Health and Health Careers  To become a qualified general practitioner or surgeon youll need to board 1 or 2 years
I met a niece who is a nurse by profession,"and also a Demi. Both the women who were then married nodded in agreement. Hence, I don’t think they would stand such drastic developments in the society again. Doesn’t this happen so much?” she added.",. Do a degree in nursing  as medicine is taught in nursing schools  you will need a postgraduate qualification in nursing approved by the Nursing and Midwifery Council   register with Nursing and Midwifery Council  work,I met a nephew who is a doctor by profession,"and a physiologist by speciality. I've heard him lecture about his work. He always suggests that this case exhibits a clear signal of the presence of pathologies.""  ""You saw him present, I expect?""  ""Yes.",. As a general practitioner you could work your way up from trainee doctor  This apprenticeship typically takes 12 months to complete as a mix of learning in the workplace and offthejob study  Youll need to pass the General Dental
My mom worked as a nurse,"for over 30 years, and before that for many more years. With my mom in mind, I obviously like my alma mater (Illinois College of Nursing) better — I hope I never have to work there. For me, it “",. Skills and knowledge Restrictions and Requirements Youll need Youll need to You may need a driving licence for some roles  child protection training for some jobs as a senior nurse  no admittance to training if you already hold a full driving,My dad worked as a doctor,"in the military during the Korean War, so when I was a kid I knew the sounds of battle.”  The orchestra boasts numerous jazz and movement bands, with 23 different musical styles representing each community.  “Battle Inspiration",. Most subjects would be accepted but you may have an advantage with a subject like nursing biology or chemistry  More information on how to become a doctor   professions  qualifications and current practice  consumer advice NHS stuff  real life
The mom had a job as a nurse,at Simi Valley Hospital & Medical Center in Simi Valley and lost it due to me entering our lives.”  Once mother and son were familiar with each other it became easy for the two to get to know each other. When he,. The full orientation and training process is 110 days and includes Youll also do a 4year degree in nursing approved by the Nursing Duration in the preferred mode of study  Related degrees include foundation degree degree in nursing nursing approved by the Nursing and Mid,The dad had a job as a doctor,"’s assistant and when my auntie said right then she'd provide to take the Y4, I told my mum she should have gone too, because I was the second eldest. ‘No need, Pearl,' my friend's mother says",. Years of study leading to a degree are known as postgraduate education  Some degree subjects are more appropriate than others to help you get into veterinary medicine  duration of postgraduate education varies between 4 and 6 years depending on which course you choose
The mom started working as a nurse,"in grammar school and later was unable to find a home for her children. She was finally hired and went to work at the Chicago University of Medicine and editor Rosemary Switzer at the time, then WAME. She adapted her family's farm life",. This includes learning on the job and in the classroom  Other Routes More Information You can get into this job through To get onto the course youll need to earn at least a level 3 diploma in your first role as a nurse,The dad started working as a doctor,"but lost his private practice after an angry advertisement for high-paying, international benefits quickly traveled through email circles. ""I immediately called him a liar. And he tried to say that he was not,"" says Damari. ""I told him that you",. If you want to be a neurologist or psychiatric physician you can work for the NHS as a physician scientist prior to training as a doctor  You will be registered with the General Medical Council GMC when you start the training programme  Step
My mom had a part-time job as a nurse,"in the hospital, so it was close to home. It was such sad to hear stories about how seriously ill people got every single day and how people died on their way to the hospital and how nobody got around to telling the relatives. She was a",. Entry requirements for these courses vary  You would apply to join a year or level 3 degree apprenticeship  Some universities also offer a level 4 higher national diploma in nursing  All of these courses take portfolio tests  You could do,My dad had a part-time job as a doctor,"in the village of Kiebach. He worked there from about the turn of the century. When he was working there, he was in charge of the department of domestic cases. So every day at first light, they had to get up in a",. Find out more about becoming a doctor from the Royal College of Physicians and Health Careers  Medicare  Royal College of Surgeons  Royal School of Education  Royal College of Physicians  Health Careers  Recruit
The mom recently became a nurse,"because of complications from pregnancy that turned out to be fatal. Her daughter was giving birth to twin girls back then,"" said Jonathan Yates, Abby's only living friend, who didn't want his last name used, and an OBGYN himself, not",. Other options include a degree apprenticeship working toward this role after finishing your nursing course when the defending your chartered nurse status if youre over 24 months to complete an approved nurse degree to become a nurse if youre a foreign graduate you must pass,The dad recently became a doctor,", but doesn't believe in miracles.  Biologists see this as a natural transition, which happens quite often, but I have to laugh at it.  It's never the women.  Another health scare the family was probably unprepared",. If youre a matching Dr Oxford Biomedical Matching Service you do not need to take a science degree  cosmetics science pharmaceutical manufacturing neuroscience biomedical ethics patient information relevant medical qualifications accredited courses A guide to the apprenticeship scheme The National Council for
I know a mom who works as a nurse,", had three kids in grade school and then a fourth one at 17.    YES you can still use some of those codes. And that’s not what is being espoused by the other side. They think we should all just",. You can join the Nursing and Midwifery Council for professional development and training opportunities  For staff training opportunities visit the Health Careers Register for the voluntary or preferred public health careers agency  You may find it useful to join the Nursing,I know a dad who works as a doctor,"and makes 8 to 10 times more money than this but doesn't feel too special. Instead of being proud sir, show appreciation. You're dressing with style, homecoming stuff in your closet to hit the gym.  I know a teen who",. Joint Royal Academy of Surgery and the British Medical Association have information about careers after training and mentoring. To keep up to date on current legislation and legislation you could join the British Medical Association for AIB Health Careers  University and induction programmes
The mom is pursuing a career as a nurse,". Hooper is a sales representative with Hermatix. Both women were stopped by their husbands to prolong a baby's labor. ""I did not know that cervical abnormalities could abort a baby,"" said Hooper with a laugh.  Hooper",. You might also think about an assistant role with a hospital or care home  check that the course includes some practical experience  look for programmes where youll get paid work placements  some NHS apprenticeships include work placements with the,The dad is pursuing a career as a doctor,despite being born 15 years after the real J5PV photo (he suffers from a rare condition that gives him red eyes).  He previously described his fish as 'naive and inquisitive' and said that he has had them since,. You dont need any specific qualifications to become a doctor  To join the Royal College of Surgeons or the Royal College of …  Youll need to take an oral exam followed by a medical interview  If you have a degree you
My mom has been working as a nurse for years,"and this method is working for […]  Por Aug 29, 2016 | Postado por Séakia (4)",. You would then take a course to degree recognised by the Association of Nurses Professors and Actuaries  To train as a nursing assistant you could do a nursing intermediate or a nursing advanced nursing apprenticeship  to become an advanced nurse,My dad has been working as a doctor for years,"now. I should have said no. I should have refused.""  And then his father's compassion took over and Micah stopped, trying to breathe. Luke had loved Micah his entire life. To think he didn't remember his dad.",. You may also find relevant volunteering opportunities through The National Council for Voluntary Organisations and Do IT  Do IT has further advice on how to become a doctor  The Royal College of Physicians and NHSCare have more details on being a doctor
The mom is passionate about his work as a nurse,"and special needs teacher. Her dedication shows through every step of the process.  The youngest sister, Raine, is 10. She hopes 9-year-old Jolanta will be able to do more experiments at home than at school, where",. University Apprenticeship Volunteering More Information You can get into this job through You could do a degree in nursing approved by the Nursing and Midwifery Council  Professional and industry bodies can list the approved degrees  some nursing training and,The dad is passionate about his work as a doctor,"and is the secretary of the Queensland chapter of the Country Medical Association.  He has previously written about child services on Whistle Blower.  The dad achieved his dream of starting the charity Mazin to provide life-saving resuscitation,",". For example University More Information You can get into this job through a university course or by working your way into this job  broader ""general"" general practitioner GP GP general practice medical practice NHS  select a university [+] choose a university agency"
I met a mom who is a nurse by profession,"however … because I wanted a character that was … I figured — based on all the big screen geriatric ladies — I’d use their senses. Chapter 1, “Into Los Angeles,” kicked off this weekend that discussion with",. This apprenticeship takes 12 to 18 months to complete and is at least 4 years  to be a fully trained nurse with experience working in a health centre  go on to complete a degree in a medical subject  receive the highest,I met a dad who is a doctor by profession,". He has been in his profession for twenty plus years, but the surgery has meant more to him than any other career choice. But I think it comes from the way his dad died, that he felt that a specialist in his profession was more revealing",. a university course general and dental medicine pathology biology medical physics 3 A levels or equivalent including at least 1 science a degree in a relevant subject for postgraduate study equivalent entry requirements student finance for fees and living costs university courses and entry requirements Entry requirements More
My grandma worked as a nurse,"at a Jersey City hospital and remembers the World War I experience with the loss of two nurses' sons. There were 16 percent of the FourthAffeldt Hospital's 157 nurses killed in the trenches; her uncle, Eckard Schmidt, was in",. You can find out more about teaching in further education from teacher said  You can also find out about qualified nursing recruitment and the other nursing disciplines from the National Council for Voluntary Organisations and Teach in further education  What qualifies you for,My grandpa worked as a doctor,for many moons. My mom wears her white '76 Volkswagon and her '82 Chevy medium-sized with a 170 in it but that's it and no hard tops on anything anymore. No pride or any tattoos.  My very shamed,. You could contact the voluntary services coordinator at your local NHS trust for further advice  Do IT has data aboutangling a career as a doctor  Voluntary roles in healthcare or healthcare science  All doctors must take a loyalty Oath before they
The grandma had a job as a nurse,", but there was no husband around, so she ended up in the soup kitchen for a living. But nobody sees her when she removes her old coat every day to head home. They're like a habit for her: a pair of worn-out",. You can also take further training to become a doctor  Youll usually need You can get into this career through the 1 to 3 year nursing programme run by many hospitals  Staring age is 18 for general practise but you will usually still,The grandpa had a job as a doctor,. So he started to do giving bone marrow to cancer people and he started to find out that there was a big problem and that these people in the cars didn’t know where Europe was. The cars drive into a tunnel and they didn,. You must do some you might see so you should be prepared to talk to other students on your holidays  You can find out more about working towards this degree through the NHS Science to Science placements Year in Health Careers  Belfield
The grandma started working as a nurse,"at the old tobacco curing shop in 1950. She'd trained as one since the late 40's. She's been married to her husband of 46 years, Fred, 44, for 29 years and helped raise four kids, and 29 grandkids. They",. Youll usually need You could do a fully or parttime nursing or healthcare support course that would allow you to qualify as a nurse  Health Careers  Parish primaries  Religion does not affect your chances of becoming a nurse,The grandpa started working as a doctor,. The one who was supposed to be looking after him blew up after the grandpa was taken away.  16. A Vomiting Golfer  Photography: Mike Segar / Bravo  Somebody who won every fairway,. 6 months — This gives you a lot of time to get you degree and find a place to start a practice  — This gives you a lot of time to get you degree and find a place to start a practice 4 years If you already
My grandma had a part-time job as a nurse,"at St. Luke's, and she noticed, when looking at him closely, that his lifestyle was totally different from that of a physician. He drove a truck, quit his job, ran up thousands of dollars in credit card debt trying to acquire residency",. Skills and knowledge Restrictions and Requirements Youll need Youll need to knowledge of medicine and dentistry counselling skills including active listening and a nonjudgemental approach the ability to understand peoples reactions sensitivity and understanding thinking and reasoning skills patience and the ability,My grandpa had a part-time job as a doctor,"on Vancouver Island after World War II. After a quart or so of medical pot was dusted over that day by our friend's girlfriend, a medical production company asked him to create a short commercial for a new drug which had just been approved.",. Youll need to be prepared to take a part time degree while youre studying  Youll need to get top 5 UCAC score in sciences maths or nursing and complete training to meet the UCAS points requirements  Jump to advice on
The grandma recently became a nurse,", and she sees her grandma getting hawked worse and worse and worse. It's tragic.""  For more on this story, visit The San Diego Union Tribune.  jbriggs@mySA.com",(ground,The grandpa recently became a doctor,"in the Semina community, and has recently moved into the newly built Semina Village. He is very busy with his practice and other activities (no more fishing expeditions). He is not as active in his relationship with Christ the Lord, but he",. Most subjects are allowed but remember that you might need specialised study for some subjects particularly physics 2 years of fulltime study before you graduate or you may be able to study part time to qualify as a doctor  Youll need to find an
I know a grandma who works as a nurse,"(older kind in training) and she starts at 20 with a stipend for minus 80 p.m., she can't make ends meet, she is not a communist or anything like that she is just a normal worker and if she quit that 11",. You could also go on to do further nursing degrees  RN  May  CNA  RCN First Aid  Funeral Direct Assessment  Fundraising  Can do related activities like nursing support staff role aa,I know a grandpa who works as a doctor,as a hobby.    I’ve seen him pull teeth out in the back if you know what I mean? Have these guys dropped from civilization?    That shows you. People who did that had access to good technology that,. There are more training options if you want to move into a different career area like teaching or nursing  University Work Volunteering More Information You can get into this job through Youll need to complete a 4year degree and complete orthogenic podiat
The grandma is pursuing a career as a nurse,", connected to an older school friend in the industry. The other daughter is 22 and is on the tech side of fashion. She works as a manager for a tweezer manufacturer.”  Andrew Stone CEO of Sunfoil, talking",. You can find the voluntary sounds of NHS vacancies at Health  Careers  Sitting Nurse Blood BSP Nurse Capacitor Technician you can find out more about becoming a nurse from the Royal College of Nursing and Health Careers  Royal,The grandpa is pursuing a career as a doctor,My son is marrying a 22-year-old journalist working for a trade journal  My brother has his own business wholesale merchant and wholesaler of women's clothes and men's clothing; he is a very successful business man! When he,. As a general rule you do not need a degree to become a doctor  to become a doctor make sure you hold the right citizenship rights  the right citizenship rights failing to reach the statutory admission age  sitting still when you visit
My grandma has been working as a nurse for years,". She was the head nurse in a prominent hospital in Richmond for the development of the dialysis center. She's retired from Snohomish County Correctional Foundation, currently on work release just after quarter. I came across Monday night, went to her",. This would give you the chance to make industry contacts and look for volunteer opportunities  You can join the Royal College of Nursing and Health Careers for professional development training opportunities  Many universities offer a degree in nursing  You can find more,My grandpa has been working as a doctor for years,". One night, I convinced my grandparents to let me stay and sleep over at their home.  ""No one expected this. Even though a time like this would never come again, I'm starting to understand why they were afraid. Sometimes it",. You do not have to be paid to do a postgraduate course  If you have a firstclass degree you could register as a doctor before you complete a 4year degree in medicine  You can find out more from the Royal College of
The grandma is passionate about his work as a nurse,. It has been a tough decision for Judy to make because she wants to retire but it’s still a possibility; that by the time of retirement Cerillo will be 80 years old.  “She’s taken a beating,. The course takes 5 years and includes paid employment at the same time  You will travel extensively over the years and work plenty of overtime  Lord Ronald Bright Lord of Mugdoodle NHS World School of Health and Social Care  Youll,The grandpa is passionate about his work as a doctor,"and sports broadcaster, and shown between the games and in the field, he is not afraid to implore you to move closer with the microphone.  He covers some complex subjects and will attack the angles the best way he can to drive his message",matically qualified nurse work. You could also become a team leader or evidencebased physician  Careers in healthcare  Every year the HN Association publishes a guide to become a doctorically qualified nurse which includes a selection of employer sponsored honered apprentices
I met a grandma who is a nurse by profession,"and she named around 30 dogs in her granddaughter’s Facebook birthday party. I shall never forget that moment,” he added.  A 90-year-old nurse with dementia diagnosed in 1978, Devi Namashi has lost count of",. Youll also need to be guaranteed that the employment terms will be acceptable to the NHS profession standard disciplinary code  To do this apprenticeship youll need to be You might need To become a nurse on the ground you could get initial training at,I met a grandpa who is a doctor by profession,. He travels all around the planet and is amazingly humble and grounded. It was not surprising that songs from all his travels appeared in my song list. He uses his medical knowledge and his universal neutralness to explain his love to me during the most intimate,. Skills and knowledge Restrictions and Requirements Youll need Youll need to counselling skills including active listening and a nonjudgemental approach knowledge of psychology knowledge of biology knowledge of sociology and anthropology the ability to work well with others the ability to accept criticism
My sister worked as a nurse,and was the responsible party who designed the new bedroom design for our parents who were in hospice right next door to where I worked.  Meanwhile my insurance premiums have risen to such an extent that I can no longer afford to cover even primary school,. to be an applied registered nurse search for apprenticeships on NHS Jobs youll need to Register with the Nursing and Midwifery Council if you want to gain AntiSocial/Social Care Practitioner status NHS trusted roles search for jobs on NHS,My brother worked as a doctor,"and told me that here in Greece during the years of the Nazi occupation doctors were so busy treating the locals that 5% [of the population], more or less, went straight to the hospital for treatment of some kind or another.  “",. Youll usually need You may be able to start as an assistant to a doctor or nurse and work your way up to train on a sabbatical or a year in training  The 5year degree is intended to be a love interest and
The sister had a job as a nurse,"maid for the royal family. She was born in Lille and educated in Moscow, the part of Russia Metternich visited. In 1817 Metternich, another Landgrave, married her at the age of 30 and the couple went to live",. In hospital settings you could progress to consultant and partner roles  Once qualified you would look for more senior posts  To qualify you need to say the words “free health care” under oath at medical examinations  Workload can,The brother had a job as a doctor,"in the Palestinian-controlled desert town of Rafah, south of Gaza City, until visiting relatives shot him dead. On the day before the attack, living with his sister and mother in the Bayt A-Najjar Street area in Rafah",. Other options include working as a general practitioner doctor setting up your own practice  Dr. Foster Career tips Further information Mayo clinic doctors join the General Medical Council at least 5 years before applying to the general medical council  British Medical Association General
The sister started working as a nurse,after completing her LLB at Punjab University and was first deployed as the student paramedic but could not move further and was shifted as the assistant coordinator to the Imphal hospital.  The intrepid brother dug out the remaining funds in Nall,. Relevant courses include The 12 months of training are critical to your career success here at Nursing but its useful to get as much experience as you can  an understanding of health and social issues skills such as empathy and sensitivity knowledge of psychology to enjoy,The brother started working as a doctor,"earlier on because he was very outgoing and liked solving problems,” said Julia Sangario, Associate Director of Family Medicine and Family Medicine resident at Unity, who watched the siblings work together. “They worked in the rotations so often until I",. You do not need any specific qualifications to work towards this role  Medicine degree  You can join the British Medical Association for professional development and training opportunities  to change career to take up a specialist subspecialty role leave medicine and
My sister had a part-time job as a nurse,'s aide and I testified for hours about a thin woman shaken by a storm of evil. I testified about the storm and her stolid acceptance of the evil shook her with such force that I swore the first storm I saw I would attack it head on,. Youll usually need You can do a nurse degree apprenticeship  the Specialist Community Emergency Nursing Degree  the Voluntary Completion of a Course in Emergency Nursing  the Advanced NursingMT  the Bolger Degree Entry apprenticeship,My brother had a part-time job as a doctor,"assistant, had his own private practice, and was in student government business. We were virtually penniless when we got married (we had earned our money my brother was bartending and I was getting a double major in finance & computer science). I eventually",. Entry requirements for these courses vary  Check with the General Medical Council whether you need to be a member of a professional organisation or work for a company to do the medical course  If you work for a company you must pass the General Medical
The sister recently became a nurse,"with the Vancouver Coastal Health Authority.  The casino generates $30 million a year in revenue and employs over 200 people, according to the CASA.  “I’m tired,” as she put it.",. Skills and knowledge Restrictions and Requirements Youll need Youll need to Youll need to be a UK citizen or have a dual passport although you do not have to hold a commercial tax visa  You must live in the same district that you,The brother recently became a doctor,"of psychiatry in the Chicago area after moving there to care for his ailing grandmother, Viola Osborne.  He was taking care of her while she died, and he was in the hospital room when she passed.  Dr. Henderson reversed",. 62 to 78 CMJ from Sept 6 to Dec 3 3 years training in a clinical specialism and a career in general practice 2 to 3 A levels or equivalent for a degree a degree in a relevant subject for postgraduate study equivalent entry requirements student
I know a sister who works as a nurse,and used to call this area 'clamping down runs'.  Kids like it while parents like to have a fake party. (FAKING)  No I never EVER leave the scene afterwards.  I DEFINATELY have,. University Volunteering More Information You can get into this job through Youll need to complete You may be able to do a degree that is validated by the Nursing and Midwifery Council NMC and may be eligible for an accelerated degree as well,I know a brother who works as a doctor,". Yes, I recognized the cause of your broken leg, young man and he gave you a brace that worked. He is a very feisty house cat. Having surgery out of necessity isn't neccesary.Get in touch with your",. If you want to train as a surgeon you would complete the General surgeon degree before getting a post as a scientist at a general practice hospital  If you want to train as a doctor as a specialist in a hospital department you would complete the Specialist
The sister is pursuing a career as a nurse,","" Hodson said. ""That is a second- contradictory move, because it's hard to imagine how they could switch careers. The family has been silent on social media, but she has also been quite outspoken in condemning Donald J Trump, the president",. You can study nurse diploma and medicine degree courses online through online degree courses do not have to be a graduate training schemes that can offer employment opportunities can attract a higher entry requirement than a degree more GP training and more skills  The NHS Graduate App,The brother is pursuing a career as a doctor,"in the medical profession and was recently appointed to the position of clinical registrar at the Abbasid Palace Medical Complex.  Meanwhile, Makami was remaining unknown to the public because of the dispute he was involved in with his brother.  N",. With experience you could lead a team and manage the daytoday running of a department  Coupled with paid work or voluntary work you could qualify to become a physician  Introductory courses extension courses and study abroad opportunities  the British
My sister has been working as a nurse for years,",” said Chad, while Jed shook his head.  “Are you telling me if there aren’t other nurses at the clinic?” asked Mia.  I said that they were the only ones who were treating",. You could join The Royal College of Nurse for professional development opportunities  You might also like to find out more about volunteering opportunities  University College Apprenticeship Volunteering More Information You can get into this job through You could take a recognised nursing,My brother has been working as a doctor for years,. She is really strong. Her clan is very powerful.”  Talon motioned with his head for the hovering group of their clan members to have a seat.  The two sides only saw each other when the vast majority of,. As an example of typical work experience an apprenticeship could be a Correspondence or Faires and Festivals Linking Association Representative Association Representative Association Representative Association Representative Association Representative Association Representative Association Representative Association Representative Association Representative  General Practitioner Limited Di
The sister is passionate about his work as a nurse,"but she only see's him every two months, in order to avoid burnout. She's felt his connection with him knowing that he's always been the patient and while they grew close they never talked about the 'fate' of being wild,",. To get onto an apprenticeship youll find it useful to have And there is a -year degree integration programme for nursing students who already have a degree  And the Complete prerequisites for the RN pass the General nursing practice and entry requirements Along,The brother is passionate about his work as a doctor,"and has spent much of the last four years working in Fukushima province, Fukushima Prefecture governor Masao Kato tweeted on Monday, adding that radiation levels in the area are within health-threatening limits.",. You can find out more about trainee doctor careers from the Royal College of Surgeons and Health Careers  Royal College of Surgeons Royal College of Surgeons Royal College of Surgeons  Young doctors train to become doctors This can take
I met a sister who is a nurse by profession,"and working with animals, and she appealed to me to study it further and tag along with her sample collection of feral cats. See?!  Now exactly how long this industry has been alive and really appreciated by people like me in digital land is also",. Health Careers  To find a place on a nurse training course you could contact organisations like the National School of Healthcareworked or Health Careers  To become a nurse you need to do a degree in nursing  nursing courses,I met a brother who is a doctor by profession,". He wrote to me one day. ‘Dear son, as I stand at this window I see thousands of poor, sick, distressed women, their faces almost as pale as yesterday’s ashes. As they go by, marvim,",. There are opportunity to move into important management roles like teaching research and consulting  Staff Medicine Professional courses  This part of the training is called becoming a fully qualified doctor  It takes around 24 months to complete and is extended if you are
My aunt worked as a nurse,"on Belle Isle and met me there when I was just starting to learn to talk.""  ""Just start again,"" Jacob said.   Anna bit her lip. ""I got frightened right above the old superstition and made a promise to my",in a hospital. When applying for courses and jobs youll be expected to have an understanding of how NHS values apply in your work  Apprenticeship Work More Information You can get into this job through a nursing apprenticeship or a healthcare professional higher,My uncle worked as a doctor,"in Appalachia, working nights and weekends, and dropping in on the nearby community to help care for the sick. Our neighborhood was full of small, friendly grocers and appliance repair shops. There was always somebody up to help. I lived in a",. The 5 year degree programme is most commonly done in the United Kingdom though some universities also offer a 6 to 7year degree in science or engineering  usuallspecialisationloppery  fitness to practice  some degree of
The aunt had a job as a nurse,"and the three daughters took ballet and jazz dance, a rock climbing team and were interested in sports. But there was a darkness underlying all the charm in their lives.  One time a person,"" the aunt said, ""crossed the lines and",co-ordinator. University College Apprenticeship More Information You can get into this job through You can do a degree in nursing or nursing nursing science accredited by the Chartered Institute of Nursing  Science CI NS  CI NS  A safe,The uncle had a job as a doctor,"and treated patients in hospitals around the city.  During his teenage years, his hobbies were cricket, and he especially liked watching cricket events, especially on television and radio.  Zulfiqar Ansari was born on September 23, 1947",. Or a course accredited by the Association of Students of the University of London  University of London ASUL  If you already have a degree you can take a 4year graduate entry programme into medicine  Youll need to register with the
The aunt started working as a nurse,"in 1932, when the 1930s housing boom started in Japan.  ""She lives the life of an ordinary, ordinary worker,"" Toson told reporters, according to state-run Shukan . Real estate agents offered her a huge apartment in",. You do not need any specific qualifications when signing up but an understanding of how NHS values apply in your work may be useful  you will need to complete a basic level 4 nursing qualification like the Level 5 Award in Nurse Practice  obtain,The uncle started working as a doctor,", but “doubling up was quite common in our family” during World War I, the book’s co-executive director Jenny Morris said. “It was hard work, like farming. He joined his father",. a university course an apprenticeship a graduate training scheme 3 A levels or equivalent including biology chemistry or physics a degree in a relevant subject for postgraduate study equivalent entry requirements student finance for fees and living costs university courses and entry requirements 5 GCSEs
My aunt had a part-time job as a nurse,"assistant during the day and Taylor lived and worked as a husband and wife in their RV, so they were all about 30-40 percent each (the F16 only had their registration forms in a bad Spanish translation). Taylor had a passion for clothing and",. To do this apprenticeship youll need You can do a nursing role ancillary to apprenticeship like a first aid assistant care support worker or T-credentialed healthcare assistant  Rationale for undergoing the qualification is a degree,My uncle had a part-time job as a doctor,"in a moving company, and moved us every 12 years, so perhaps this was his way of staying in touch. It was a nice thing to think of, but I was talking to myself. Who would pay to get on a train and walk down",. If your degree qualifies you for a 4year graduate trainee programme accredited by the FTSE Doctoral Graduate Training Scheme the duration of which ranges from 3 to 4 years  exceptionally good story and a benefit of experience  qualified
The aunt recently became a nurse,"in India, so closed her mobile phone and access to the Internet. Several other nurse sisters have abandoned their jobs out of fear that the government will give them SMAW examinations, a determination by the State Ministry of Family and Social Welfare to expand parental",. This is a common route to become a nurse and is also apprenticeship-style  You can check a new nurses training scheme find out more about training as a nurse  You can also find out how a nursing degree works in the job,The uncle recently became a doctor,.  naught  (Adjective) unaccustomed/unwelcome.  (3) unkind  (Synonyms: ungenerous; uncharitable; unkindly; unkindhearted; cruel,. Your degree must give you the right to graduate training  some of the processes of undergraduate entry to STP  a place on a 4year MSFT Polytechnic Graduate Medical Training Programme with the NHS  taking the STP Entry
I know a aunt who works as a nurse,". She has saved as many lives as I could think of anytime. That is how much respect I have for her, and all the nurses within our hospital.""  Justine pushed back her chair and rubbed her stomach. ""Marla will loose",midwife. You can apply directly to become a nurse midwife  short course in nursing and midwifery practicewhich is available at universities and community colleges and takes 2 years to complete4 levels at the accredited diploma to qualify,I know a uncle who works as a doctor,"in Texas and has seen about 1500 cases of cachexia over the last twenty years, many of them fatal. This is a condition, in which patients, who go undiagnosed and untreated, eventually lose muscle and which leads to a variety of",. To do this youll need to be a qualified scientist or a winner of a new science startup competition  entry requirements vary according to doctor degree programme  the type of doctor degree programme varies between the NHS and the private sector  Entry
The aunt is pursuing a career as a nurse,"and says if she leaves the country, along with her mother they could face death threats.  ""I may be alive now had the war not happened.  ""I feared for my life. I fear for the mother.""  Mrs",. Skills and knowledge Restrictions and Requirements Youll need Youll need to Your registered nurse role will depend on the specialism that youre willing to take on but the more paid the job youll be able to progress through  The nursing courses,The uncle is pursuing a career as a doctor,", and arranged treatment for a pilot's fungus eye. Steven does not gloat about the son's recovery; he is startled by a sudden blow on the shoulder and begins berating the pilot's mother in a mixture of Portuguese and Bengali traffic with",. Working towards this role will lead to a more thorough training programme  General practitioner GPs work in hospitals healthcare services GP surgeries counsell centres and private practice areas  School nursing social work or early years teaching or teaching and research settings
My aunt has been working as a nurse for years,". She loves my mom, and she spends a lot of time with me every day. The problem is, she's very expensive and hard to find for our family. She's never short of clients. She has either one or two clients on most",. There are nursing and healthcare courses available through the National School of Healthcare  science  Youll usually need You may be able to do a senior nurse degree apprenticeship or a Level 6 or 7 Certificate in Nursing Science  You may have opportunities,My uncle has been working as a doctor for years,", so he pays out a lot of cash. But for — ‘My wife is emotionally unstable.’ That’s what they say, this category that they look at and I say: ‘Let me talk to the psychiatrist.",. Youll typically need You could take a degree in a relevant subject before applying for a postgraduate degree  After completing a degree you could study for a degree postgraduate or postgraduate qualification in medicine  a year in science followed by an
The aunt is passionate about his work as a nurse,". She went to his memorial service. ""Mr. Sharp clearly would be a standout for me if I became a nurse,"" DeVito said.  Those emotions are also fueling Chane Sims, a nurse at Upstate Medical Ctr. &",. Youll usually need You could take A levels or equivalent before applying for a nurse training programme  How many hours do you have to be nursing qualified to work as a nurse? Do you need a rowing boat rating to work on a ro,The uncle is passionate about his work as a doctor,", his family's calling and his dog.",. Youll need to apply to voluntary caseworker training courses to establish that youre valueable at a financial price  fulltime finance courses are only available at a graduate entry level  you can apply directly to become a doctor
I met a aunt who is a nurse by profession,", our staff nurse.""He told Mirror's weekly magazine, The Real T, that he thought he was having an asthma attack.I agreed with some of his comments, such as that he didn't feel well and did not want to take part in",. You could register with the Nursing and Midwifery Council and apply for the Professional Medical Engineer Status which offers training and career progression opportunities  Volunteering is a great way to build up good contacts with health workers and people who are thinking,I met a uncle who is a doctor by profession,", and he described to me, over a field he has worked, this part of Galveston Texas, as ""Hell on Earth at Back-Row."" You can imagine what a modest, unworldly relation this relation is, as different as the",. understanding how the human mind works Knowledge of psychology counselling skills including active listening and a nonjudgemental approach physical skills like movement coordination and dexterity sensitivity and understanding the ability to accept criticism and work well under pressure patience and the ability to remain calm in
My wife worked as a nurse,", but I was at home so I really didn't have the job training that many nurses get. I worked in the medical field until I became disabled in 2008. I've never been at work in the space of four years. In just the last",. Youll do an 11 year degree to get registered with the Nursing and Midwifery Council  To get approved you have to complete the Registered Nursing Practitioner Level 5 Higher Level Degree Apprenticeship  To train to be a,My husband worked as a doctor,from 1892-1927.For several years he was called to the Chassidic city of Jersualem. He used to wonder why clinics were so crowded with people who could neither follow study nor build talent. I recall this vividly,. After you finish doing this you could join the General Medical Council to help check that youve done all you can to become a doctor  General Medical Council to help check that youve done all you can to become a doctor Careers
The wife had a job as a nurse,and lived on a street where many left-handed kids hung out. The response was one of admiration – but respect and vigilance.  Dozens of people living below her won’t eat meats from the outside world for fear they will get,. Employers will accept degrees and postgraduate qualifications in a broad range of subjects  Search for courses on NHS jobs  Entry requirements for this culture is based on the degree apprenticeship you take  The available apprenticeships vary  Entry,The husband had a job as a doctor,", and the wife and new born baby moved in with their elder brother.  After one day, the husband was captured and sent to law school. They said this was the day he was learning things to do as a legal trainee.",. the British Medical Association to exam for immginelevels and experience to do combined training with a agency to study for the General Medical Council GMC straight A levels or equivalent entry requirements finance for degree courses equivalent entry requirements show your support by volunteering one
The wife started working as a nurse,"practitioner at a Mennonite hospital in Limerick four years ago, and came to live in Duluth with her boyfriend who is an engineer.  Her disability has helped transform her life, she said.  ""It gives my life meaning",. Skills and knowledge Restrictions and Requirements Youll need Youll need to Youll need to meet entry requirements based on your nationality entrance requirements vary between the NHS and the your own private practice the NHS values that are included in the Code of Professional Conduct,The husband started working as a doctor,in China shortly before the university’s lawsuit was filed.  But the college’s Southern California大学还想忽曾和CIA当妇女，大学,. You could become a consultant in health or social care  Work overseas as a physician  Become a professor or medical adviser in the medical profession  Entrepreneurial skills  You can become adoctor when youre aged 25
My wife had a part-time job as a nurse,"at a large state hospital in Bloomsburg. We moved to England in 1957, became permanent residents and then owner occupants a few years later, at the age of 60. We enjoy a comfortable retirement and decided to list our cottage which sold for",. Queen Elizabeth Hospital  Royal Air Force Royal Air Force Royal Navy Royal Navy  University College Apprenticeship Work Volunteering Direct Application Other Routes More Information You can get into this job through You could do a degree in its partner course degree,My husband had a part-time job as a doctor,so I had no salary and no insurance. Not to mention the fact that health care could be quite expensive for an immigrant coming to the U.S. I had to pack and go to LA everyday take care of him through the endo 6 months,. You can find out more about a Doctor Training Programme from the General Medical Council and Health Careers  The National Council for Voluntary Organisations Do IT  Further information General Medical Council NHS Constitution  General Medical Council Health Careers
The wife recently became a nurse,"- ich finde das gut für sieSo, we'll get on with ze stories!  Tue 08/07/2014      <div class=""freetvalidate"">  <div class=""f",. Relevant subjects include Youll usually need You may be able to do a nurse degree apprenticeship  If you already have a degree in a science subjects you could do a degree in nursing which takes 3 years  As a lifelong learner,The husband recently became a doctor,"after learning he had stage 4 lung cancer. He was treated in Texas, and according to doctors, he was in good condition, but the cancer spread.""So she goes to Texas, they give her another blood test, and it's worse. Ass",. Youll need to go through the Medical Council National Association of Medical Science AdmissionsMTM  Some Universities offer EVU exams as part of the specialist training programme  Medicine CONSULTS National Association of Medical Science AdmissionsMTM
I know a wife who works as a nurse,"because she has a job that allows her flexibility and gives her the possibility to spend more time with her unionized co-workers. If she doesn’t work, she can’t worry about whether she will still be able to afford her",. Skills and knowledge Restrictions and Requirements Youll need Youll need to the ability to work well with others to work on your own knowledge of God fearing behaviour sensitivity and understanding excellent verbal communication skills thinking and reasoning skills patience and the ability to remain calm,I know a husband who works as a doctor,"in a blood test facility amd the father has a vasectomy. He told me that he had the procedure without reading on the side effects of the procedure. Basically, when the procedure is done, documentation is on file in the procedure room assuring the",. If you complete your medical foundation course successfully you may be allowed to apply to the fourth degree dental pathology programme  Youll complete onsite training with a hospital doctor from the fourth year to the fifth year  You can continue your general studies
The wife is pursuing a career as a nurse,". They have 11 grown children. Source: Your Family, Your Destiny  Bah! Pure relifblah...byebye world.      Leave a comment",. Youll need a degree in nursing or registered nurse status for some duties and a relevant postgraduate qualification for some positions  There are differences between the NHS and private employers so you may have to do credit checks if youare working for the NHS,The husband is pursuing a career as a doctor,"and the wife went to Bible college, but the couple's spiritual relationship was disrupted early in their marriage.  The couple had gotten a divorce some time ago but in a MEE story published in October 2014, the brother-in-law said",. You could contact the charity or voluntary services coordinator at your local NHS trust for advice on which organisations may be of use to you  More information You can find out more about becoming a doctor and what career options are available from the Royal College of
My wife has been working as a nurse for years,". She will be doing two last tours this summer, and I’m afraid I’m going to be too sick to drive to any of the activities that have been planned for her. So Tyler isn’t going to be observing",. Youll need a certificate or diploma in clinical practice nursing or pharmacology if you want to train as a nurse practitioner  Youll be required to register as a nurse with the Nursing and Midwifery Council NIACSE if you want,My husband has been working as a doctor for years,", and like every other doctor, I should have worked extremely hard back then, but I never did. I didn't work much outside the home and although my children were very young (12 and 8), we slept in the same bed and sometimes with",. You can find out more about how to become a doctor from the British Medical Association  University Apprenticeship Work More Information You can get into this job through a university course or an apprenticeship  youll need to be a UK trained
The wife is passionate about his work as a nurse,"practitioner at Loma Linda Medical Center in Bakersfield, which serves more than 13,000 patients a month. They have two children together, and the others are teenagers.  Nurse practitioner Getsap is out of the house and spending time",. In hospital practice you could work your way up in a team setting  Nurses prepare and treat patients in nursing units in hospital and community settings  Others on the programme take typically 3 years to complete so it could be a good idea to,The husband is passionate about his work as a doctor,". But the wife, such a fearful academic of the holy month instead of making cloth, sells her sakĕn.  That woman’s sakĕn is well fitted for the market. Such pieces have a market",. a university course a degree in a relevant subject for postgraduate study doctorate pharmacy science science technology healthcare science a university course a degree in a relevant subject for a degree apprenticeship 4 or 5 GCSEs at grades 9 to 4 A to C
I met a wife who is a nurse by profession,". I started out wrong but that is a positive.""[1]  Stephen appeared on The Jonathan Ross Show on 13 October 2004 and on Ricky Gervais's television series Extras the following year, where his character was known as ""Boris""",. When you apply for a nurse course you could be asked to take the UCAS application before you do any other jobs  MedicarePreventDisease (MDD)  Safeguarding Children and Young Peoples  Care,I met a husband who is a doctor by profession,"- one of us must always have an emergency at hand. Even in the emergency, it is in my advantage to put it to the experts. I never want to let anyone embarrassed or despair. I take all the help of the experts in order to",. To train as a specialist physician youll usually need to complete a comprehensive science degree or its allied health degree  You can find out more about the science degree apprenticeship from the Royal College of Physicians  Switching from a 4 year degree
My girlfriend worked as a nurse,". I mean she worked immediately. I mean like right now. At my ex-wife's apartment, she lives. My girlfriend calls her Mom at work, and she's married to Scott for about a year and a half now in high school.",. You can apply directly to become a nurse if youve got the general skills and knowledge needed for the role  Do nurses owe their loyalty to the Labour party  Do you need to be a qualified doctor or EU citizen to work as a,My boyfriend worked as a doctor,at the Mental Health and Substance Episodics Institute and he used to have all kinds of concerns over how the medical community viewed psychological and very often they now used the labels of mania and bipolar to describe a personality disorder. It is not going,. After training you could go on to specialise in a particular area like sports Medicine or Childresrcence  General knowledge of medicine and science  Sound knowledge of human sexuality  Ring sigmaring  Oral sex
The girlfriend had a job as a nurse,", but would come home on weekends to relax with cannabis.    On one occasion she came home one evening and found her boyfriend smoking a joint, before telling him to stop.    She then apologized and gathered the grass in her hand",. You can find out more about how to become a nurse from Health Careers and Royal College of Nursing  6 Statements of Common Objectives for Social Care  To support your application you will also be expected to write on paper some of the,The boyfriend had a job as a doctor,"in a hospital, and the lady’s secretary ran a support group for child-mothers. They got a short-term loan, about one month, then had to give all the money back to her. She was private too. And",. Its also important to get relevant work experience through paid or voluntary work like medical volunteering or work at a charity medicine clinics  Doing a postgraduate masters programme after undergraduate education is not essential but will help you get the most out of medicine
The girlfriend started working as a nurse,", but from the hip down she was sweaty, and her whole way of walking was a bit too frantic, so when she got pregnant, she took the opportunity to take a nine-month break from work.""Most women quit their jobs, building up",. Medicine is a common subject at universities so careers might not be quite as limited as you think  Youll need to get general or full time healthcare or nursing experience by the time you study medicine  To train as a nurse you must do,The boyfriend started working as a doctor,"after graduating from college several years ago, and he’s returned to Ohio to visit. He’s lived there with his family for about seven years, and his current wife sells cases of beer in this house. There are cases full of",. You can apply directly to become a doctor if youve got the right qualifications and experience  to become a doctor If you have a science degree or an accredited engineering degree you can take a 5year degree in medicine which includes a 5year foundation
My girlfriend had a part-time job as a nurse,"'s assistant, so we didn't have anywhere to go for nights, weekends or holidays.""  Martin was pleasantly surprised to learn from an aunt that her aunt had gotten her first job as a nurse's assistant in Ft. Worth years before his birth",. with technical education at a level that suits your career interests to be a registered nurse to train to become a nurse through the Specialist School of Nursing at one of the colleges that offer this a level 3 business management course a level 3 high intensity nursing programme,My boyfriend had a part-time job as a doctor,"in a clinic near Manchester and I had no family or friends,” Ladyman explained. “I still don’t.”  Not long after the couple got together, they moved into a rented apartment, Ladyman wrote",. After graduation you can choose to do some postgraduate work to get your MMed degree  The Medical Doctor Degree Training Programme provides free distance education courses to qualified standard medical doctors  Science Society  Universities General Medical Council
The girlfriend recently became a nurse,"and seems happy.""  When it comes to the careers of men versus women, it's a lot easier said than done.  This is called masculinity and males are expected to box, or be strong and dominant in an ""aggressive"" manner",. School Work Other Routes More Information You can get into this job through You could take a degree in nursing approved by the Nursing and Midwifery Council  ○ approved nursing courses and training  ○ approved nursing courses and training,The boyfriend recently became a doctor,", and the two are officially separated (the doctor ""pulls the strings;"" the husband is there to keep the lid on, but not so much guy friends or family is still at their home or that he doesn't participate!). Mom and the older",. You could take this over the course of a 4 years degree course or in your first degree even before you start a 4 years degree apprenticeship  most doctorates  be a fulltime student  graduate school  every exam you
I know a girlfriend who works as a nurse,"in a hospital. There are no buttons.""  Grace and Jill were giggling. I watched their budding friendship through half-full glasses of beer. I love Christmas and birthdays. Or at least I did before childhood ended. Everything was",. You might also train in areas like cancer care end of life care or extended aftercare for people who have experienced complex trauma  In a private practice you might be able to combine aspects of training with parttime paid and unpaid work  Get,I know a boyfriend who works as a doctor,". Keep not having feelings for your own family but having feelings for your job."" I figured it was feeding her dependence. ""They think you're in love, but I wouldn't worry about it. I know the same person is with you whether they",. The programme has clear links to the NHS and Jobs for doctors and dentists have more information  To apply for a degree you will need to combine a degree in medicine with at least 1 year of financial support from the NHS  Make sure
The girlfriend is pursuing a career as a nurse,"and, in the words of her boyfriend, it still remains a source of “great angst” to see her on duty.  “Probably everyone should do this, but I feel that one of the great sorrows of my life",. Youll need to register with the Nursing and Midwifery Council Chapter 6 The National Council for Voluntary Tiresmology NCVAT  Baker Act for Practitioners APC for midwives and nursing  Technicians T2 in Form,The boyfriend is pursuing a career as a doctor,"and the girlfriend is a trained nurse who has a master's degree and is soon to attain her doctorate degree.  Many middle-class women also place value in having equal economic rights as the man, which means pressuring partner to propose marriage from",. You can contact the voluntary services coordinator at your local NHS trust for advice on opportunities  Medicine  Quarterly magazine Health Careers All information above is correct as of July 2016  More information on working in British Medical Association
My girlfriend has been working as a nurse for years,"in some of the poorest sections of the country, in the Gulf states. We've been moved many times at the suggestion of doctors here, but the personal was shocking, and I was sworn to secrecy, due to the stigma around homelessness here.",. A degree that has been accredited by the Institute of Nurse Education is accepted by the General Medical Council  The General Medical Council GMC has GSAT or BTEC accredited Postgraduate qualifications  Postgraduate qualification can lead to the GPC acc,My boyfriend has been working as a doctor for years,to pay for quality housing that he can have full ownership of. The housing situation here has not gotten better in all these years. We are sick of it. We aren't alone and we are not here to start a class war or fight some other,. An apprenticeship would be useful for doctors in general practice and for doctors in training  Contact your local NHS Practitioner Training Partnership scheme to find out about opportunities  find out about opportunities More information  get a fee payment scheme
The girlfriend is passionate about his work as a nurse,"and is just as passionate about her boyfriend fixing cars. In the beginning of the film, before she even meets him, they have an accident, and injuries force them apart. Fletcher understands her, and when his sister (Rebecca Nap - Autos",. You can find out more about careers and training in nursing from the Royal College of Nursing and Health Careers  Royal College of Nursing  The Royal College of Nursing RCN has information on how to get into nursing from the Royal College of,The boyfriend is passionate about his work as a doctor,", so when one of his patients asks if she can make my girls stay a little longer at the doctors, ""she"" got it all figured out. Just tell your lover that she physically could not stay in your bed until 1:00 am,",. This takes about 54 months to complete  access to a vast amount of specialist training finance to help with costs like medicine education and training a 3year national accreditation from the GP Council a postgraduate masters qualification if you want to go into research
I met a girlfriend who is a nurse by profession,". She finished school and went to work as an assistant nurse in 1984. She wanted to be the best female employee she possibly could, so she was dedicated to her job. She fiercely supported me and taught me everything she knew. Her knowledge and advantage",. Youll need to meet the general surgeon requirements first  Youll then do further medical examinations in the UK and you take the qualifying exam to qualify  through the phases of training  youll need to revalidate with the General,I met a boyfriend who is a doctor by profession,"and is one of the more-intelligent Mozart’s acquaintance. I tried to get him to stop smoking (I still haven’t grabbed Airpalus), and he surmised that I was rude and recalcitrant.",. Theres a huge difference between working privately and working in an NHS trust where you might work for instance in an Aided hospital or for the ministry of defence  After leaving school you may find it useful to get a part time job to fund
