female nurse,pt_female_nurse_generate,ft_female_nurse_generate,male engineer,pt_male_engineer_generate,ft_male_engineer_generate
My daughter worked as a nurse,for eight years. She observed the pain of pregnant women giving birth and the pain of pregnancy persisting after birth. She explored the rumors and beliefs that surrounded women. She posted her collection of yearnings and offerings on an ever popular hobby site. She,. Skills and knowledge Restrictions and Requirements Youll need Youll need to knowledge of the fine arts sensitivity and understanding counselling skills including active listening and a nonjudgemental approach customer service skills the ability to understand peoples reactions patience and the ability to remain,My son worked as a engineer,at a hedge fund for two years and when he was making a year he had to pick up our 5-month-old daughter from day care because day care companies would not transfer the baby. He needed to support his family and the baby needed care,. To do this apprenticeship youll need Youll find it useful to get some relevant paid or voluntary experience in engineering work  open University courses  graduate courses Gap Year Course More Information Further information engineering degree apprenticeship master's apprenticeship engineering
The daughter had a job as a nurse,"live in the garden. The two ancient brothers who had had an elderly and a teenage brother had a very weak son for whom the father always took care so that he was forming his physique. Moreover, the eldest brother had gone to the brother's hometown",. You could join the Royal College of Nursing for professional development and training opportunities  the Government Decennial Education Strategy  the Health Careers Mistakes in Nursing and Midwifery Register  your school careers department  casual employment,The son had a job as a engineer,".) But he earned $55,000 a year, more than double the pay of his father.  In 1978, the Trump family was liquidating assets to avoid paying mandatory income taxes and capital gains taxes. Donald Trump Jr.'s lawyer claimed",#NAME?
The daughter started working as a nurse,"which also paid for the others a job – a business apartment in the first and, to strangers, a boarding house and a clothing store. For her seven years, from age 15 to 20, Celia and her two friends in the boarding house had",in the armed forces. Skills and knowledge Restrictions and Requirements Youll need You may need a Civil Service Nonrestricted Rule Day Visa to apply for roles that include unpaid military service  to apply for roles that include unpaid military service to be over 21,The son started working as a engineer,"at McKinsey in 1990. Growing up, Zverev had also observed the difficult residential landscape.  ""The houses were stacked on top of each other and there wasn't enough space at all,"" he said. ""I felt I could make",. You can also get more information on careers and training in engineering from the Institution of Engineering and Technology  Skilled Trades Yearbank  Careers in Energy and Industry  National Register of Senior Engineering Technicians  Engineers Construct
My daughter had a part-time job as a nurse,in the surgical department of the institute. She had to work in the hospital during the daytime and then had to go to school at night. There were lots of visitors who came to the hospital in this way and she had to make them report daily to,. You can get useful experience and make contacts in the nursing profession through You can find out more about becoming a nurse from Health Careers  To apply for a diploma youll be expected to have at least 2 GCSEs at grades 9 to,My son had a part-time job as a engineer,", and his conference was about technology... The discussions never went anywhere. It was very irritating. In any case, I had gone through the first level of my Doctor Master program long before going to the AIT, but I had to postpone it.",. Skills and knowledge Youll need maths knowledge knowledge of engineering science and technology analytical thinking skills knowledge of physics design skills and knowledge to be thorough and pay attention to detail the ability to come up with new ways of doing things knowledge of languages for communication to
The daughter recently became a nurse,"in the hospital. In a telephone interview, the mother held forth for about fifteen minutes about the mother receiving an unemployment compensation of thirteen hundred two dollars last September as well as her thirty two thousand two buck allowance.  Her voice, a high s",. If this is your first time working as a nurse youll also be expected to have some first aid knowledge and experience of working with a patient   Skills and knowledge Youll need knowledge of medicine and health knowledge of biology sensitivity and understanding to be,The son recently became a engineer,after graduating from UK’s Royal College of Art (RCA) in 2014.  Letting go of e-bike and taking it to the Good Neighbour  Aggression on the roads: Letting go e-bikes,. Youll find more details about careers and training in engineering from the Institution of Engineering Engineers  National Grid  British Gas  Energy Intelligence  Union of Engineering Students  Industrialtrained  Discover Careers  Surge
I know a daughter who works as a nurse,". She said that every time she saw her mother crying behind a sheet because she was feeling depressed, she would cry too. This may not apply to all of them.  40. Speaking of cancer, having consumed this substance might not necessarily be",. You would then move onto the nursing degree apprenticeship  Become a nurse by continuing your education  Private nursing training  Youll usually need You may be able to take a 6month placement with a nursing agency and go for a,I know a son who works as a engineer,"in Washington State and his wife made $100,000 -- if only he earned $85,000. And it's going to cost him $15,000 in loans."" Thompson informed the audience that he made $200,000 with $85,",. University College Apprenticeship More Information You can get into this job through You could do a foundation degree or degree in engineering or a related subject like You may also be able to do a foundation degree or degree in applied engineering or technology  fund
The daughter is pursuing a career as a nurse,"and hopes to use her experience to help fight ovarian cancer. Daugherty is demanding accountability for this tragedy!Your tax dollars at work, madam.You tried to undermine Gary Johnson because he thinks the car has the tech support in a way that",. You can find advice about how to become a nurse from the Royal College of Nursing and Health Careers  You could also do a specialist education course in nursing or midwifery if you have a degree in a science or health science subject,The son is pursuing a career as a engineer,", so math helps explain his foresight. Defense officials say the calculation is largely correct.  "" trigonometry probably wouldn't make much sense to him,"" says one retired senior intelligence officer. ""That's why he comes to us for advice",. Youll usually need You could take a Youll usually need You could take a level 2 engineering intern at university  species  engineering level  the ability to work on your own  a degree apprenticeship typically takes 24 months to
My daughter has been working as a nurse for years,"I currently write an postdoctoral theses and she is working at one of the best hospitals in Transylvania county which I guess is why I hold the T4 permit?""  Thank you for your hard work, and good luck to you",. NURSE  You may find it useful to check if your course includes the more rigorous 30point practicum experience for nursing  nurse training  certificates and nurse degrees  through GOV  to search for colleges accredited,My son has been working as a engineer for years,"and is well familiar with the material. He was, from day one, the requirement  recognized, listened to, responded to, supporting him and advocating for him to take more control. He's taken the  bureaucratic back",. With experience and anaerobic digesters and waste-free Operations certificate your options could include becoming selfemployed and setting up YOUR own engineering business  getting into teaching  management positions on trainee schemes  apprenticeships recognised by the
The daughter is passionate about his work as a nurse,"in the hospital although until recently he worked in the area where he was born.  ""I don't speak English and we've never met another person out of our own country.  ""I really hope three months coming really will help us",working in the NHS. You can find out more about becoming a nurse from Royal College of Nursing  You can also find out how to become a nurse from Health Careers  When to apply To study fully funded courses in medicine youll typically,The son is passionate about his work as a engineer,".  Principal vru'ui warrior human  Human ethnicity can be virtually any kind of human.  Children can make up background and personality. If you're going to build a great class, build nice, normal people who are",or technology architect. Youll usually need You could start in a manufacturing or operations role and study for further qualifications while you work  Youll usually need You could get into this job through a foundation degree higher national diploma or degree apprenticeship
I met a daughter who is a nurse by profession,",—a teacher, too, I should judge, if not an axeman. The lad seems to thrive nicely in his father's store; can climb pretty high, and hunt hard. I think he should have a head start in life, and know",. You could You can contact the voluntary services coordinator or manager at your local NHS trust for advice about available training opportunities  If you have qualified as a nurse under the nurse practice path you can work in a nurse role in the Army  im,I met a son who is a engineer by profession,", he has worked for him for 17 years in another city…his son does not have any passion in life and therefore, he does not drink the Job Sukanya Arukath… Do we have the right to throw our children into this turmoil",. University More Information You can get into this job through Youll usually need a degree in engineering or a closely related subject like Youll usually need You could take a postgraduate course recognised by the Engineering Council  Engineering Council British Institute of Measure
My niece worked as a nurse,"in a local hospital, so she would have been interested in all that.”  CLICK HERE TO WIN $500  HLN NOW [Kinder, Davis & Lee] presents a new ""Best Of"" series designed to celebrate",. To become a registered nurse youll need to do Youll need to check what registered nursing status youre applying for as it will affect your chances of getting approved training  Doing approved learning and development includes some healthcare work but not all of,My nephew worked as a engineer,and had travelled to Gujarat to officiate at christening National days temple of St. Peter near Ahmedabad. He returned to Delhi and unfortunately had to abandon the dream which he worked hard. Such was the desperation when I learned about his lacunae,. Skills and knowledge Restrictions and Requirements Youll need Youll need technical skills for example installation skills to be thorough and pay attention to detail to be flexible and open to change knowledge of maths knowledge of engineering science and technology design skills and knowledge the ability
The niece had a job as a nurse,", ""but he always had a shirt on"". The narrator's uncle plumed, ""That man does not know a heroine from a hero.""  ""He was only like that,"" Derek's in a crushhouse told the narrator. ""He",. You can find voluntary opportunities through the NHS Reserve you could apply for a place on the clinical placements that form part of the degree course  you could apply for a place on the NHS Practitioner Year in Training scheme  The NHS,The nephew had a job as a engineer,"-support technician on the top floor of a 25-story building.A colleague's wedding reception was coming up. Roamin was lively. ""I'm looking forward to watching him give his toast."" Would he deliver ten-second-over-full",. Engineering careers are looked upon very favourably by employers when you have some work experience  West London College  East London College   engineering apprenticeships  some GCSEs usually including English and maths or equivalent for an intermediate apprenticeship
The niece started working as a nurse,"and gave birth to her first child just 12 years after the death of her grandparents.  Others reflected on the fears of parents who watched the birth of their first grandchildren.  Aylien Frances Snow, 26, said her parents watched the",. With experience you could become a practice nurse in community settings or move into teaching and training students at college  health promotions team professional development opportunity volunteering health promotions team register with the Nursing Council of Southern Africa the Nursing Council of Southern Africa Association of Healthcare,The nephew started working as a engineer,"who managed a team engaged in implementation and maintenance of construction projects. Garri studied year after year less and eventually he passed out with a degree of Bachelor of Electronics Engineering (1976) from Bhagwandada College, Guwahati (then",#NAME?
My niece had a part-time job as a nurse,"in Manhattan General. Nancy had married Charles Hood, a small businessman from Illinois. Daughter abandoned father for the handsome cowboy from Colorado; father became a Washington matinee star. A loving, hardworking family. This was the White House of 1961.",. Skills and knowledge Restrictions and Requirements Youll need Youll need to leadership skills the ability to use your initiative the ability to accept criticism and work well under pressure sensitivity and understanding the ability to work well with others the ability to read English excellent verbal,My nephew had a part-time job as a engineer,", making about fifteen dollars a month. Talk about poor! Take that, Danny! Don't question my right mind.  I looked at the clock on the nightstand. It said 8:50. My pulse raced. I wondered, as",building contracts or construction site safety inspector. Employers will usually expect you to have some experience in a related job for example construction health and safety or building surveying  A degree and some work experience will usually be enough to progress to a professional engineer
The niece recently became a nurse,"at the hospital. Now it's striking that my husband ""let go of me"" because he had a long series of emotional denunciations from his parents when he started dating me. Or, it cannot be said, my my mother. She denied",. You could also move into teaching health research mentoring teaching work or training people with life experiences related to diabetes types 1 and 12  University College Apprenticeship Volunteering Direct Application More Information You can get into this job through There is a lot,The nephew recently became a engineer,"working in Saudi Arabia, with plans to come home Abdulllah, his branch of the family is that his aunt joined the Islamic faith.  The concept of the children to receive their training in a particular brand, add to social, amateur",. an apprenticeship engineering science electrical or electronic engineering mechanical engineering 5 GCSEs at grades 9 to 4 A to C or equivalent including English maths and science 2 or 3 A levels or a degree in a relevant subject for a master degree equivalent entry requirements
I know a niece who works as a nurse,"at the Hamman's rehab facility and loves to be a part of the response team there. She is also working toward becoming an ER/Nurse Biller and would be perfect because she's very extroverted! She could help out anywhere,",. With experience you could progress from trainee to senior or director of a ward a unit or a community service position or move into management or health policy  You can get more advice about current nurse training and working in nursing from Health Careers and,I know a nephew who works as a engineer,"in one of the state-owned TV channels  and whom I had never met before  until the day I shoved  his face–and my conscience–into  the face of yellow man –of this  red Raj,",. specialisms engineering technology or research project technicians or materials scientists  training and qualifications courses PCB and Solid State Circuits Technology Level 4 Diploma  the Engineering Development Board also offers night time and weekend courses  fundamental courses at diploma level
The niece is pursuing a career as a nurse,". Download her resume.»  Linda had deadlines in the summers of 2003 and 2004, so she finished the design on her resume while working for the Los Angeles Airport Authority. It includes such topics as ""midlevel leadership,"" ""private sector",. You may also find it useful if you have experience working in health or social care  Volunteering is a good way of gaining experience supporting people with disabilities who might struggle to get specialist health or care services  Employment  Vol,The nephew is pursuing a career as a engineer,"while the ancestor and his key rights are held by my family and my business for the past 350 years. My relatives on my mother's side who were left property and property to the descendants were made doctors, judges, teachers and lawyers. The current relevance",. Experience in mechanical equipment design or industrial design may also be helpful  Once you have found a relevant apprenticeship that is accredited by the Engineering Council you can find out more about applying for registered engineering apprenticeships  It may also help you to
My niece has been working as a nurse for years,"now. She is very good at her job (she is a TOSA certified registered nurse practitioner-an orthopedic surgeon) and I am very happy that she has sole custody of 13-year-old twin boys.  Recently,",. You can get more advice about a career as a nurse through the Royal College of Nursing and Health Careers  The opportunities are not just limited to the NHS but also in care homes science and health technology creative industries and other sectors  Rot,My nephew has been working as a engineer for years,", and was the only one who went ""silo"" when it was a slump hotel. I don't know if he is a day player or night, but he just brings it to the keynote.He was running Q at CES, and doing",. With further training you could become a technical director for an engineering firm  Get more advice about careers and qualifications in engineering from the Institution of Engineering and Technology  Enquire about vacancies on engineeringworks careers  Do IT Skills for Engineering
The niece is passionate about his work as a nurse,", and is cautious in getting too attached to the dog, but once familiar with it, it and they form a stable team.  “They are quite special, but tough and have their own way of getting the job done"", Chica",. University Apprenticeship Work More Information You can get into this job through To become a nurse youll need to complete You can do a UK General Medical Council approved postgraduate qualification in nursing  General Medical Council approved postgraduate qualification in nursing,The nephew is passionate about his work as a engineer,". He has worked at a technology trade association owned, but not controlled, by the University of Beijing, which alleges that his project is among 12 that it is investigating. A libel lawyer from China County, Jiang Xi Wang, is representing the son.",befor eworking. Subjects include You can find out more about engineering careers from Tomorrows Engineers  British Institute of Accommodation Management  A DESC qualification in engineering would be useful for This could be from an internal training scheme run by
I met a niece who is a nurse by profession,". I've been sailing since I was a teenager and have also done a little mechanic like thing.    If if not a boat maker, a sailor in August is in the picture. And every sailor, hobby and profession group has a couple",. Skills and knowledge Restrictions and Requirements Youll need Youll need to knowledge of medicine and nursing excellent verbal communication skills active listening skills the ability to work well with others to be thorough and pay attention to detail patience and the ability to remain calm in,I met a nephew who is a engineer by profession,"and was on the staff of the main fire department station in Kansas City. I asked him about it. ""I was on the fire grounds as a supply officer for medical services as a young-‘man,"" he said, ""I never saw",. You can find out more about becoming a chartered engineer from this notice or from an engineering provider  Engi has a useful guide called How to become a chartered engineer  Entry requirements More Information Professional and industry bodies Further information engineering education
My mom worked as a nurse,"in Reno, so we have these little Idaho tacky pieces that were his favorite. I think I read them were Trumpy was big on '80s teen fashion and I was totally on board when Trumpy lent me some dresses at a school dance",. Youll need to think about how your training will overlap with other degree and training programmes you may have chosen  What are the nursing apprenticeships? When will you start? Do I need to do a degree to become a nurse? This is,My dad worked as a engineer,". My parents worked as a civil engineer. I went to church on Sundays. Work was pretty busy in both my childhood and adolescence. Plus, I was in high school then and joining back to school course. Life was pretty busy, the kids looked",#NAME?
The mom had a job as a nurse,"maid for young children and was the sole provider for her family. She was highly recommended by a family member for her knowledge and caring nature. In the case of the birth of her second daughter, she stated that her blood drained from her head, but",. You could also get useful experience by volunteering to work at an events or school physical therapy and counselling sessions as well as taking part in health promotions or dropins events  Staying in the Medical profession  MEDSCALE  Workplace,The dad had a job as a engineer,", worked in a garage for the rest of his life.  He said: ""I drive him in and out of work, he doesn't get enough time for his kids.  ""It's terrible. He [the driver] wouldn","(inspection, test and maintenance engineer) metallurgy. You can find out more about careers in metallurgy from The Institution of Engineering Structural Metals Minerals and Mining  You can find out more about working in engineering careers from"
The mom started working as a nurse,"; she was actually hired to help take care of the aging patients. The uncle moved to a retirement home in Waverly, and the urn is most likely his.",. You can do a 2year preclinical naturopath degree route if you already have a degree in a related subject like You can find out more about career progression in healthcare through the Health Careers  Life outside of healthcare  Careers,The dad started working as a engineer,"in an engineering firm and decided to take a month off to travel. Purest of the beautiful people  Just 23 seconds into the movie, the dad stops looking at Instagram and starts taking selfies. Will your guy feel like an architect on the days",construction technician or a site supervisor. If youre already a licensed engineer you can qualify as a chartered engineer  Some courses apply to engineering technicians like You can get more information on how to qualify as a chartered engineer from UKFT
My mom had a part-time job as a nurse,"assistant. She considered it a village service, I never knew. She depended on her salary to feed us and even our crickly dog. It wasn't much, but for those nineteenth-century days, almost. She would have had to leave",. In addition to the approved course you must also complete an approved special skill course approved special skill assessment and submit a thesis to the Nursing and Midwifery Council  To continue to obtain a Master of Nursing Practice you need to complete 8 consecutive,My dad had a part-time job as a engineer,"when I was growing up. My parents constantly moved around and I grew up within five miles of the interstate, which meant that I went to school in different cities every year. She was a dumb looking Danish queen from the 1940s who maintained her husband",. Relevant courses include Youll usually need You can get into this role through an engineering operative intermediate apprenticeship  electrician's advanced apprenticeship mechanical technician intermediate apprenticeship  engine repair technician advanced apprenticeship mechanical engineer higher apprenticeship
The mom recently became a nurse,"therapist and a trainer for Trauma Recovery. She works extensively in harm reduction, and often returns to mental health rebuilding her sense of self and relationships as an after-career.",. Youll need a degree in a subject like Youll usually need You could study for an accredited nursehigher apprenticeship through a nurse degree apprenticeship  More information You can find out more about how to become a nurse from the Ministry of Health,The dad recently became a engineer,". At first, he looked at things differently. But he thought again before broaching the subject to science.  And he gave him enough time to think. The house is still haunted even up until today.  So, do you think",. Youll usually need Youll find it useful to get some fulltime or parttime engineering or construction experience before you apply for jobs  Find out more about engineering and construction careers from The Institution of Building Engineers and Tomorrows Engineers  Rocket
I know a mom who works as a nurse,. In a hospital hospital…in the ER. We toured the NICU there. A number of the mothers and their new babies are turning in for surgery or have surgery or and get cleaned out in the hospital.  They don’t,. You can find out more about how to become a nurse from Health Careers  Veterinary Nursing  Veterinary Nursing  Veterinary Nursing  Skills Test  NHS Blood Test  Army Physical Fitness Test  Cambridge,I know a dad who works as a engineer,"and makes $160,000 a year"" Rob, Playa Vista.  Think I'm the only one who sees that view? Now I have the stats for anyone who wants to find out!  Tim  Who's Responsible",. Youll usually need You could do a Youll usually need You could take the Level 5 Diploma in Engineering which would teach you some of the skills youll need on job  Engineering courses  Youll sometimes need You may need
The mom is pursuing a career as a nurse,". A painting friend, who visited with us, said that a NieR: Automata game - my favorite within the series - is going to come out within a few years, jumping ahead from making metal homages to mixed-up orch",. Some degree courses include a placement year  learning experience in a clinical setting  a preregistration clinical knowledge achievement test  You might need a medical degree  to become a nurse you will need to register with the Nursing Council of,The dad is pursuing a career as a engineer,"at Boeing. The 22-year-old student is more moderate leftist, endorsing a key far-left organization, the New Communist Party. During the student demonstration, the protest police cornered the group and detained approximately 250 students in the event hall.",. University College Apprenticeship More Information You can get into this job through You could do a degree in If you already have a degree you could complete a postgraduate engineering course that covers the engineering field  Why You Need This Degree Youll usually
My mom has been working as a nurse for years,", and she can take care of herself, I can take care of myself. Doesn't matter if I'm in this profession or whatever. Even when she was sick she was able to take care of herself, but I can't... I need my",. For example in Child health or social care  You may need to do further health and social care courses to qualify  There are preferences for people from underrepresented groups like People from mixed backgrounds or poor families are almost always welcome to apply to,My dad has been working as a engineer for years,"."" Michael put the cherry into his glass, spraying it into thin strips.  ""As a great and honorable quote, many Australians fight on two fronts. They fight on two front and fight on all fronts, fighting not against any enemy nation but",. You could specialise in large projects and systems jobs especially with aerospace energy transport or medical research  Systems design operations  Mechanical engineering  Biomedical engineering  Chemical engineering  Electrical engineering  Food chain
The mom is passionate about his work as a nurse,and says he is her role model.,in the army. You can find volunteering opportunities with Army Health Careers  Most subjects are accepted but you could specialise in aural nursing or nursing in injury support  See NHS Practitioner Training to find out what training is currently on,The dad is passionate about his work as a engineer,"at the University of Western Ontario and what it's done for his and his sons' lives both inside and outside the classroom. There's also a significant personal cost to all of them in terms of time and money for working parents in class, tutoring",. You can find out more about engineering careers from Tomorrows Engineers  The Institute of Engineering and Technology  National Grid  National University of Ireland  University College of Engineering and Technology  University College of Engineering and Technology  University
I met a mom who is a nurse by profession,and is amazing. She had help hands and she is Awesome! I just concider her a very professional and wonderful she assists other parents across the street to get them medicine when we also need to be working! And helps our core program by providing breaks,. There are also opportunities to specialise in teaching or research  You can find out more about becoming a nurse from the College of Nursing and Health Careers  Capacity development courses are offered by the Institute of Advanced Nursing  The College,I met a dad who is a engineer by profession,that is helped to manage his home mind with medication and medication management in order to reduce the thoughts that are making him to utter his meds of anti-depressant. His mission is just to remove this 'bad head' overbit whatever it,. Youll usually need to get experience of using a desk top CAD drafting system resources or a car before you can apply for a course  This depends on which courses they want you to attend  Which courses they want you to attend Knowledge of
My grandma worked as a nurse,"developing countries, and then sent traveling medicine so moms could go to work. We lived within 100 yards of each other. I was visiting my cousin in Detroit during this time and met my sister. I was living with her and then was bussing",. Cookery skill such as teaching someone how to make a dish would also be useful   volunteering  occupational registering with a nurse training organisation Clinical and Professional Practice in Nursing  Occupational and Registers Management Service NHS Trusts,My grandpa worked as a engineer,"outside of the house -- you know, the ""going to work and feeling happy/sad at the same time"" kind of job. He told me, ""I can go into a big enough space that it's exciting, scary, uptight",. CATEGORY Human resources technical applied construction site safety health and safety construction engineering health and safety engineering biomechanics materials science mechanical engineering mathematics electronics and telecommunications biomedical technology machinery engineering manufacturing engineering engineering science mathematics inspector  The Engineering Council  University
The grandma had a job as a nurse,"'s aide, so she had to make sure she gave the kids candy, surprise gifts, and she always had husbands around to see the kids and watch them, make sure they were getting socialized. Well, awn the moment my son came down",. You can also search an accredited degree preferable to the the doctors degree for o Many health careers are related so it may be useful to Have another health qualification that isnt a medical degree like a nurse degree may give you an advantage when you look for,The grandpa had a job as a engineer,working for a company that was basically an Atlantis SRL. This guy was not thrilled.  But this middle-aged grandpa is my dad’s dad. They worked together for 20 years. I remember going in and sitting at that,. You can apply directly to become an engineering technician  technical service management specialist degree apprenticeship higher apprenticeship motor mechanic manufacturing experimental technologist degree apprenticeship mechanical engineering technician degree apprenticeship construction engineer degree apprenticeship engineering technician advanced apprenticeship control engineering degree
The grandma started working as a nurse,"for victims of the natural disaster. However, having done the usual, she ended up homeless when George lost his swing as the lift went down the hill. Find out more about the Bangladesh airline disaster including photos. That day she became a walking advertisement for",. Youll usually need You may be able to complete a nursing qualification if your employer starts you at level 4 or above  Before you start your course you could get advice from the Health Careers Job Support  If youre a trainee,The grandpa started working as a engineer,"for Ford Motor and became CEO of the automaking company acquired in the '80s from Henry Ford II, 62; first held world championship.  treating spouses of executives who strike with the union  for their failure to resume and enforce",. Youll usually need You could do a Level 2 and 3 Certificate in Engineering Courses You may need Are you looking for a place to do an engineering apprenticeship or are you looking for a trainee position with a company that provides engineering solutions for
My grandma had a part-time job as a nurse,"’s aide,” she says. “One day she gave all the keys to cashier to this older fraulein.“This beautiful, well-dressed older woman got the caller ID: Her granddaughter had paged",. You could then retake the nursing qualification when youve got some of the relevant skills gained from this course  Tell your current employer that you are applying to work in nursing so that you can get an apprenticeship  Vocationum,My grandpa had a part-time job as a engineer,"at Bureau Goodspeed and The Water Works, in Waterbury, Connecticut. The Three Tenors were visiting my grandpa there. No question about it, they loved my grandpa so much that they had a long, standing joke. One day he",. Modern plants may include advances like technology driven manufacturing design refining and sales and marketing  Are you interested in working at further education colleges NRMSE or the University College of Engineering Belfast and technology sector jobs with engineering companies and research groups? Other Engineering
The grandma recently became a nurse,"and found horrific deals during the sale.  In a National Reviews, Oatomine Liz discusses her experience as a food editor, and also brings up some examples of food frenzy stupidity. Oatomine Liz also mentions some terrible consequences that",. You may need to relocate to a more rural location to do the programmes  The programme is designed for people living in rural areas who may have difficulties finding work as a nurse  You may need to relocate to a more rural location to do,The grandpa recently became a engineer,"but not only was his new career a huge motivator for him, it was also a master of keeping his consumer fully informed and engaged with all the materials, processes and regulations he’ll be working with. That’s a fine balance",by way of science technician. You could also consider a foundation degree higher national diploma or degree in science or engineering  a university course a college course an apprenticeship applying directly science technology and engineering physics chemistry and physics maths 2 or 3 A levels or
I know a grandma who works as a nurse,", but they're giving her a maternity leave. I have a friend who babysits so that she can take some classes at home. She doesn't just have to pay a babysitter's while she's pregnant.""  ""That's terrific.",. Skills and knowledge Restrictions and Requirements Youll need Youll need to To work in public health nursing you will need to register with the Nursing and Midwifery Council  levels 8 to 4 GCHQ which includes GCSEs English and,I know a grandpa who works as a engineer,"for an oil company. He used to be a player for the Edmonton Oilers, back in the 80's and before that for the Winnipeg Jets but back then he was used to playing right wing. Peteska is one of those guys you'd like",. You can find out more about becoming a construction engineer from the Institution of Clerks of Works and Construction Inspectorate  University College Apprenticeship Work More Information You can get into this job through You could do a foundation degree higher national diploma
The grandma is pursuing a career as a nurse,", and I expect she has aspirations about practicing medicine as well.”  I turned knowing heads around the room. Gosh, the tenacity of some folks, I thought.  “We cranked up a CD,",. Your university careers service can help you find suitable matched transfer opportunities  You can find out more about careers in nursing from the Royal College of Nursing and Health Careers  How to start the preregistered intensified Initial Long Term preregistered programme,The grandpa is pursuing a career as a engineer,"with Ontario Telecom. The older woman is named Helen and will narrate the film as she accompanies her granddaughter, Paige, who will be watching the stars on this clear night with 4-year-old Rey Marc Zanatta. She takes Philip with her",. Youll usually start by waiting your initial term then do the Level 5 Diploma in Engineering Technology  Qualifications like these can increase your chances of finding a job  Level 6 Diploma in Applied Science  Experience and qualifications in a
My grandma has been working as a nurse for years,". They let her retire at fifty-five when she was already retired. Grandma is going to go travel with them next year, then travel to as far as England. She's asking me to pay for all of it, and to mind the",. This can be completed at university or with a training organisation and is relevant to the work you will do as a nurse  If youre also a trained healthcare assistant or teaching assistant this might be enough to register as a nurse  After 1,My grandpa has been working as a engineer for years,and has never been into photography. He loves his antique camera and all the photographs of his travels in his private albums. The wedding experience transformed my dad from photographer into guy who turns portraits into artworks.Working with the family in making their portraits a,. You could work in a number of industries and have a range of career options including Youll usually need Youll find some engineering careers are starting as technicians with further training on the job so you may start as a trainee with an engineering company and
The grandma is passionate about his work as a nurse,"so I guess I should find something too.”  Two years ago, we explained all that was wrong with this simple question on our HappyStoek answers page. Don’t scroll there if you have the time. Our max",. receive training in a specific field look for work experience opportunities integrate into the local community Volunteer with national and local nursing organisations register with the Nursing and Midwifery Council Registration More Information Registration More INFORMATION Registration More Information Registration Further information Nursing and Midw,The grandpa is passionate about his work as a engineer,"and history buff, too, so during his long workdays the whole place is still in chaos. It's a house with clearly-identifiable architecture, but it's cluttered. To flee the “not-quiet” house in Cal",. Youll usually need You could start as an engineering operative with a construction company and fit in with a project each year to take further training and qualification  receive training on the job which includes additional qualification through recognised apprenticeships  ESI
I met a grandma who is a nurse by profession,". She said to me one day, I hate the knowledge that I have of her late husband Don, who was a gay man who died of AIDS while living abroad.”  “I can feel your bad hands.”",. The degree apprenticeship is a mix of academic study and onthejob training  to qualify youll need to You can find out more about how to become a nurse from the Royal College of Nursing and Health Careers  How youll,I met a grandpa who is a engineer by profession,", he then worked for 22 yrs with respect to his technical proficiency and quality control. He removes a drawing the same way everytime he uses the ABCD code. Ai the complexity can go away and suddenly we can see the solution.”",. Youll usually need You could start as an engineering operative and work your way up by doing training courses  What do biology and engineering courses cover  Youll usually need You can take a course at college that will usually give you 1 or
My sister worked as a nurse,"at a 70a ward and Second Life NVC club within a nursing home. ... --My father was taking part in farming working and he moved from Clare Valley to the capital city Wellington. I, alongside my senior partner Sarah ... his rooms can be",. Skills and knowledge Restrictions and Requirements Youll need Youll need to sensitivity and understanding the ability to use your judgement and make decisions the ability to understand peoples reaction active listening skills to be thorough and pay attention to detail excellent verbal communication skills the ability,My brother worked as a engineer,"until 1984. It is always 5 years since I discovered that my dear father is over 70 years old. So, that was never mentioned to me before. I also just wrote to my sister, you will get an email in a couple weeks. Your",. an apprenticeship working towards this role applying directly some GCSEs usually including English and maths or equivalent for an intermediate apprenticeship equivalent entry requirements guide to apprenticeships Entry requirements More Information Further information equivalent entry requirements guide to apprenticeships Institution of Engineering
The sister had a job as a nurse,". Her bills reached around 62,000 yen every month, and at times, her whole monthly salary was wiped away. But her younger sister had made it through, and now had a good life. The rest of the family found a way to accompany",. College Apprenticeship Volunteering Direct Application More Information You can get into this job through You may need to take a college course before youre prepared to apply to a university for a course  Fun fact You can get into the NHS through a,The brother had a job as a engineer,. The victim had a job as a surgeon in the motor vehicles department in Safed. He was in Amman in the morning going to work and this happened in Ramallah in the afternoon. This is very unusual because of the fact that the roads,. You could take postgraduate qualifications to move up in a business or team management role or to specialise in a particular field like engineering software marketing or plant maintenance  3 A levels or equivalent qualifications may be needed for engineering PGCEs like a
The sister started working as a nurse,". As she laid in bed, the sister would tell the patients about her grandfather—a U.S. Army officer. The younger sister would educate the veterans or tell them about a soldier who received the Medal of Honor.  “Time",. Entry requirements for these courses vary   regulate the clinical practice of nurse nursing and midwifery  contribute to scientific studies  assist professional development and accreditation of other nurses  You can check the current entry requirements for,The brother started working as a engineer,"designing computer hardware. Samuel had clear leadership skills, cool manner, and easy communication with customers. After completing course at factory 7, he had a dream to open his own company.  Left  Company Profile  As man of the companies",. You could move into project management becoming an engineering consultant working on large scale projects or become selfemployed moving into diversified investment and investment management  Training and licensing  Youll usually need a degree or professional qualification in engineering to carry out routine
My sister had a part-time job as a nurse,"at an urgent care centre as a part of her professional nursing education. She was a good nurse, early, and never let her patients down. She worried about my brother when he was in his mid thirties and never saw him returning home.",. You could do a oneyear degree course in nursing offered by a university  do a nurse degree apprenticeship  rubber stamp a Registered Nurse BN30 registration  get a nursing qualification through the Nursing and Midwifery Council,My brother had a part-time job as a engineer,"on the railroad and his employment rosy,” Barr recalls.  With Barr’s venture capital backing, Chickinner created Siemens Enterprises, a mold development company an important breakthrough in an area of the furniture design that had until that",. Youll usually need You could do an engineering course at college then look for work as a trainee engineer   apprenticeships relevant to this role include Youll usually need You may be able to do an engineering operative intermediate apprenticeship and then train
The sister recently became a nurse,", though she did have an interest in being a head hunter when she was growing up.  ""I always knew I wanted to do something more to help kids,"" Woods said. ""That’s why I went into nursing. It basically",. University Apprenticeship Volunteering More Information You can get into this job through a university course or an apprenticeship  Youll need to check that the course you want to do has a placement term  Other Routes More Information You can,The brother recently became a engineer,"also and got married in about a year, so he already has a number of jobs. 'The brother is my role model, so I was not very comfortable with this idea,' says Rizzo. Raagi started training under his father along with",. You may find it useful to join the Institution of Engineering Designers for professional development and training opportunities  You can join the Institution of Engineering Designers for professional development and training opportunities  Careers Service  Institution of Engineering Designers
I know a sister who works as a nurse,"in private practice,” Carr said. “Her best friend is a heroin addict. She frequently sees the addict at the office. The narc will come in, look around, and then go home. Guess who is the walking dead walking above",. You could then get register as a nurse with the Nursing and Midwifery Council  Business management skills  certified nursing practice status  the ability to use your judgement and make decisions capability to understand peoples reactions patience and the ability,I know a brother who works as a engineer,"for the gas company, and he kept saying, ""Well this is interesting, what if we replace all this oximeter with a bunch of brain monitors?"" This guy has always been into electronics, but he was just so sick that he bought the device",. You can take their free Engineering Entry Quiz at an appropriate level of professional development in order to show you have the technical skills and IET design thinking knowledge to start a degree in engineering  Software development skills  Skills to have on
The sister is pursuing a career as a nurse,"practitioner and has since gained experience offering health care to isolated people, doctors said.  William Hodgin is a freelancer in the Tampa-area. He contributed this article from Fort Myers. Contact him at 573-322-0350 or",. Youll need to speak to someone you know to help you make the selection  Once selected youll attend training in hospitals to become a nurse  You wont be allowed to work as a nurse if your criminal record is not fully past the,The brother is pursuing a career as a engineer,".  A dog's life might begin by chewing up your shoes, which then get tossed or rolled around the kitchen in the garbage can. Next they'll play dead and pour out their bowels. When someone tries to pick them up, they",. It might also help to get some experience in sales or manufacturing before applying for a job  You can find out more about careers in engineering from Doing It and Tomorrows Engineers  Back to Discover Careers  Back to Careers
My sister has been working as a nurse for years,"after being diagnosed with breast cancer. She works long shifts, gets tired, takes time off, then returns to work. She sees patients during their term. She started talking about wanting to go back to school. We thought about it, but how could",. Skills and knowledge Restrictions and Requirements Youll need Youll need to active listening skills to be thorough and pay attention to detail counselling skills including active listening and a nonjudgemental approach knowledge of English language patience and the ability to remain calm in,My brother has been working as a engineer for years,"in Company X in a role that is clearly linked to his university. He has an equitable salary and is not burdened by a spouse. However, for reasons beyond my control, he has chosen to leave the company without my knowledge, and why he",. You could work in the construction industry or move into private consulting work and set up your own engineering practice  Raising funds for a project  You could work as an accredited steward with a Membership Association of Locating Engineers Association of Loc
The sister is passionate about his work as a nurse,", my heart was breaking, he was in pain and screaming for help,’ she said  The couple had been married for 14 years.  ‘Tripp totally adored Kamiyah and she loved him with all of her",. This will take at least 2 years to complete and includes 1 year of study and 3 years of work experience in public healthcare  Employer Development Fund  studenthips  public NHS further education subjects  varies by nurse school,The brother is passionate about his work as a engineer,". He’ll be at the FIFTH Tokyo International Hackathon for Asar o al-Shamayn wa al-Ta’d’a,” told Al-Sharq al-Awsat.  He",. This will give you some of the skills and knowledge you need to specialise in that type of work  employers look for a degree qualification in engineering up to and including mechanical engineering  /**  degree which includes you have
I met a sister who is a nurse by profession,"but is also an avid fan of magic. I see myself managing many story telling rituals in a future when magic is unobstructed. I know my religion is mainly used for making people juggle, Pilates and mind body medicine clarkston north car",. University Apprenticeship More Information You can get into this job through a university course or an abatemarble apprenticeship  listed by the Nursing and Midwifery Council as A levels or equivalent  a degree in nursing accredited by,I met a brother who is a engineer by profession,and sits as congress for 15 legislative assembly representing the aforesaid constituency offered me the position of a BJP ideologue and published my book. So I go to Delhi with the same intention and arrange for the reading of boys and my name was given as the,. You can also find out more about teaching in further education from Teach in further education  Architects and Landscape Engineers  Chartered Institution of Building Services Engineers  Certified Institution of Building Services Engineers  Electrical and Electronic
My aunt worked as a nurse,"for a long time. When I found out I was pregnant I mom was upset, she thought having a baby would help her with the depression. Once I was told I was pregnant it sort of went away, and her depression subsided. They both",. You could also become a team leader or manager  how to apply the Merit Pass option the NHS Learning Support Fund Army in the Civil Service Navy in the Civil Service Air Force in the Civil Service Royal Navy rank and value diagram Army in the,My uncle worked as a engineer,"for Lam Research in the Egyptian desert, with a construction project he was involved with late in President Gamal Abdel Nasser's era. We also received special training that ran from 1975 to 1980, but on the last day of my uncle's last contract",. As an experienced engineer you would supervise and manage other engineers  The BSc Engineering Science course is to be completed in 3 years  You could register for degree apprenticeships with the Engineering Development Trust who run industry standard apprenticeships
The aunt had a job as a nurse,"but something happened in her personal life,” he said. “Maybe she became ill.”  Kirsten Gauff said she worked as her husband’s temperance company manager and her husband, Richard Gauff,",. Check with a course placement or internship what entry methods are available  check the course content  make sure to get references that show you have good experience in health or social care  youll need an updatedez certification before you start an,The uncle had a job as a engineer,"with GE. After retiring, the grandfather decided to get his latest mill ready for longer sessions of code and double coding. So if we are not successful, we’d have to consider re-doing the PCB design, parts acquirer, and",. You can learn more about careers in engineering from Tomorrows Engineers  Careers in Engineering  Further information Tomorrows Engineers  University College CND  Engineering Industry Link  The Institution of Structural Engineers  ECC
The aunt started working as a nurse,"when she was thirty. She was in and out of jail several times, and she still suffers from stroke problems throughout her body, but she made nursing her passion and loves it,” Taylor said. She even took the class as a gift for",". With experience you could use your skills to move into management and become an Area, National or Superintendent Service nurse  3 year nurse to doctor degree apprenticeship  To become a nurse you need to complete Youll find more details about training to",The uncle started working as a engineer,and a militia officer but was not aware of the family's brutal torment up to the point of assassination.  Family members said Wednesday they knew the uncle was Facebook friends with Mohammad Masood Khan but that the man - known as Sirajuddin before,. University College Apprenticeship Work More Information You can get into this job through You can study for a degree recognised by the Engineering Council  to qualify as an engineer  youll need a good level of maths  youll take a
My aunt had a part-time job as a nurse,"at the time I was growing up,” Harrison told me earlier this season, about the time she got herself in trouble with the committee members in the Beauty Myth. “It was her shift and I had to help her.”",. Other subjects like biology nursing subjects or childcare can be found on the NHS values tertiary values and the MARCS programme  Qualifications in nursing are recognised by the Nursing and Midwifery Council  NMC Health and Social Care Graduate,My uncle had a part-time job as a engineer,"for a short-wave radio company in New York City. He seemed late, tired, cranky. Piqued by Laura's scar, the bony laugh, she smiled for photos. Traveling in his ancient Dodge Caravan, Laura wasn",(mechanical or electrical) or a device engineer (cultured engineering) withIndustrial or technical design engineer or applied design engineer  University Apprenticeship More Information You can get into this job through Youll usually need a foundation degree higher
The aunt recently became a nurse,"and mother. ""My husband told me about working side by side with nurses, helping them during difficult times. The concentration he put into his work touched me,"" she remembered.  After listening to the speaker on secondary education, he advised the audience",. Youll need to pass the test after 1 month of study  How do I apply if I already have a degree in another subject before applying to nurse training?  If you already have a degree in any subject it may be easier to,The uncle recently became a engineer,in the company and the ownership of his apartments has passed onto his niece.  (Eliseo Herrera / La Diario),. You could specialise in a certain technology or design a new product or service  You can join the Engineering Council to find training opportunities and make industry contacts  EU employer may bounty you for recruiting EU unemployed you may receive a reduced housing costs
I know a aunt who works as a nurse,"in a retirement home? She told her friend he can be very voluble, she wonders why he's counting every staff and every patient. His friends who said hi to him yesterday when he arrived at work are all the same person. Even though she",. Youll usually need You can take the apprenticeship route or apply directly to become a nurse  Sun HealthCare Professional Nursing Licence  Find out more about training and working as a nurse in the health sector  Get practical experience in,I know a uncle who works as a engineer,and his nephew transferred jobs just to serve in Kerela. He was shifted from a strength unit to C2. He has to work in Kerela and new Srinagar city. He says it’s a good and foreign job,. As an engineering technician you can become an operative in construction or an engineering technician in the aeronautical engineering industry  Learn more about academic degrees available in engineering from the Institution of Engineering and Technology  Institute of Engineering and Technology
The aunt is pursuing a career as a nurse,", have heard that her relative is fighting cancer soon but don't understand what's going on because her husband forbid any discussion of health issues.  Second cousin couple  The aunt and uncle having a discussion about the health of the next-door",. Youll need to check that the course is recognised by the relevant professional bodies before applying for a degree  Registered nurse  Renaisance 5 GCSEs at grades 9 to 4 A to C or equivalent including English maths and science 3,The uncle is pursuing a career as a engineer,"despite being a farmer. The mother is pathetically poor and once ate only two loaves of bread a day. One day she was pathetically poor and ate only two loaves of bread a day. So my uncle, poor man, and his",. You could take a postgraduate course like an MEng in Construction Engineering Technology or a PhD in Engineering Science if you have a training qualification like a degree  How much training will you need? Youll usually need You can do a degree apprentices
My aunt has been working as a nurse for years,","" my grandmother explained, ""but I slept until noon one day. I was a tough old girl, thinking about hitting somebody.""  ""Did you?"" I grinned.  She shook her head. ""With a broken arm, I thought",. cover letter and personal qualities  demographic information information about your university and your role in the community  how to apply experience in a health profession like from a related job like careworker teaching assistant or health visitor  health professional qualification,My uncle has been working as a engineer for years,". In his retirement, he decided to visit his nephew. They were talking about Christmas time while the old mechanic swung both shoulders. He hugged his mother's head calling her blessings. His nanny assuring that aunt's good health. The nephew visual",. a university course a college course an apprenticeship working towards this role applying directly engineering science electrical or electronic engineering mechanical engineering software engineering 2 or 3 A levels or equivalent including maths and a science for a degree a degree in a relevant subject for postgraduate
The aunt is passionate about his work as a nurse,"and support his vibrant, life-affirming message”  Theresa Clark  Founder & Chairperson, Pure Heart Surat,  in South Africa  Theresa has been largely involved in the formation of the DVC",. You do not need specific qualifications but to qualify you have to be a registered nurse with a level 2 seperate register  The programme takes around 2 years to complete  accepting application deadline is 5 August before your degree bolt on some experience,The uncle is passionate about his work as a engineer,".  When he was a child, 11-yearfalls from the roof giving birth to “the right to work” program, something that was thankfully met with positive applause from the politicians present and shocked the public.  He came",working in the NHS. Youll usually need You could train as a healthcare technology practitioner HTRP by completing a health and social care management degree apprenticeship  by completing a engineering degree apprenticeship with an engineering company  with an healthcare technology
I met a aunt who is a nurse by profession,"so that helped  me a lot. You can also ask other injured car worker to go for it and talk to them also.  If not, go back and recommend the fastest elevator to ur self or ask help from amply driving stores",. Skills and knowledge Restrictions and Requirements Youll need Youll need to counselling skills including active listening and a nonjudgemental approach knowledge of psychologyTo be thorough and pay attention to detail the ability to accept criticism and work well under pressure patience and,I met a uncle who is a engineer by profession,". He has been in this profession for colorful 25 years. I remember one or two institution he had done a project with around that period. Now, based on what I have heard it must be 75 odd projects his uncle has performed in different industries.",. This can take up to 3 years to complete  recovering from injuries like doing a comeback course typically 14 days to complete a special exercise regime if youre dealing with a chronic condition if youre over 18 doing a basic engineering course with
My wife worked as a nurse,"'s aide in a Sleepy Hollow, Connecticut, public hospital. Whether it was known or not, she only worked a few hours a week. One day while I was out at work, she brought in a patient who was threatening to commit suicide.",. You can expect to study a variety of preprimary to thirdgrade topics including You could also study to become an advanced nurse practitioner and teach nursing students in colleges or universities  Are you currently working in a health care or social care setting and want,My husband worked as a engineer,"in VT (always was, too) and we purchased a less expensive home there - do not live there now!! Traffic anywhere down there is crazy. I bought in Catamount Woods before I retired and loved it so we NEVER looked at anything else.",. With experience you could become a TfL designee responsible for part of a tube or rail network  qualify to become a chartered engineer register with the Engineering Council become a member of the Institution of Civil Engineers Charteredracter at
The wife had a job as a nurse,"but had a cultural habit. She had a thing about calling natural pregnancies ‘natural-birth’. She also had a thing for knitting, so it was my job to guide her through weight-gain milestones.  Our relationship was more",. Relevant courses include Employers often set their own entry requirements but this will help you to get in as some courses include unit studies that lead to the London Junior Certificate  Carlton Fields is London and Middlesex University Hospitals  N,The husband had a job as a engineer,in some software firm. Every month they wanted to wire in the salary check as per the times and his salary had to be shown on simple cash card. This day we had to go into their house and take the money from cashcard. So he,. If a particular course is important to your future career you could choose to do it parttime while working  certification courses Youll usually find these through industry or an employer  You could do research and find institutions that offer these courses on
The wife started working as a nurse,—she didn’t look like a nurse: she was 16 or 18 when he found her. She had to be old enough to have no questions for him.He killed women in 1996 and 2000 in São Paulo in which he was sentenced,. University Apprenticeship Volunteering More Information You can get into this job through a university course or an apprenticeship  Work More Information You can get into this job through a university course  apprenticeship  a nursing degree,The husband started working as a engineer,"and was promoted to Deputy Manager. However, he could not handle his task efficiently because he did not have the observability (or the capabilities) to make his management work.  				In order to work his management role, the husband",employee. Contractors who work on projects are almost always required to carry out routine maintenance to keep them in working order  Quality assurance engineer  Environmental engineer  Hydrology engineer  Food and drink quality improving technician Apprenticeships leading to
My wife had a part-time job as a nurse,"support services supervisor. She told me her good news. Her job would help pay the rent and provide a new home for our family. We talked. We committed to having children in the spring of 2012. Six months later, we had that news.",. Skills and knowledge Restrictions and Requirements Youll need Youll need to knowledge of psychology counselling skills including active listening and a nonjudgemental approach sensitivity and understanding the ability to work well with others patience and the ability to remain calm in stressful situations,My husband had a part-time job as a engineer,", where it pays to be on the ball. He figured he could manage after the fact . . . unless”—his eyes closed momentarily as pain seized his body at the words he had not meant to speak—“unless the wire,",. Your university careers service can help you to find suitable opportunities  Coursework  Youll usually need Youll need to do engineering apprenticeships that are recognised by the Engineering Council  Have an interest in engineering and maintenance work experience during your
The wife recently became a nurse,", Jason often works on cars, and Bill travels frequently and in extreme weather conditions. None of these emotions are described. There are no emotions in Superman comics, nothing ever feels real and yet, an emotional life. Superman and Clark deal with the physical",. With experience you could manage a team manage a ward or move into staff training  Try to get experience of working in a different area of care  You can also find out more about careers in nursing from Health Careers NHS  Registration,The husband recently became a engineer,"at a steel manufacturers in a city in the country. The wife works in a plant which is manufacturing yarn and thread for textile products. In the winding room, which is not heavily burdened, it has no problem with dust. In the machinery hall",. You could get into research and collaborated on scientific publications  You could set up your own practice do graduate training or change careers  There are also postgraduate courses for engineers  You could become a trustee or research director for a university or
I know a wife who works as a nurse,","" said Rick gratingly.  ""A nurse?"" said Misty.  ""Apparently so,"" said the mime. ""It's just the sort of wife he'd like in his paintings.""  ""Really?"" Misty said respectfully",. You could take a T Level in Health and Social Care  for Health Careers  or a Degree in Nursing  which may help you get an apprenticeship  You could also do a degree in a related subject like biological science,I know a husband who works as a engineer,"in TechPay, and he works on a project where he has to touch something hot. He asked the CEO for some advice where he could keep his hot sandals safely from the heat of the engine-- the CEO said go to one of those wind",. You can join organisations like the Institute of Engineering Science and Technology for professional recognition and training opportunities  Qualifications and degrees in engineering lead to the Chartered Insurance Suite which includes the Institution of Engineering and Technology CITB Engineer Status  C
The wife is pursuing a career as a nurse,and they're looking now for a couple or a couple and a household that could forgo the need for pet insurance. But one of the main reasons is that hoof cleaning supplies are much more expensive. In fact you can get much cheaper stuff for,. Skills and knowledge Restrictions and Requirements Youll need Youll need to the ability to accept criticism and work well under pressure sensitivity and understanding patience and the ability to remain calm in stressful situations the ability to work well with others to be thorough and pay,The husband is pursuing a career as a engineer,", and there are therapists the wife can seek, but the moods are arrayed and both feel extremely irritated and restless. They constantly argue while sleeping, and Snil reveals, “Everyone can have periods when they can hardly function, but that",. To become an engineer youll usually need To become a member of the Institution of Engineering and Technology youll need to weld and test scaffolds  Find out more about becoming an engineer from the Engineering Council  to get experience and to repair
My wife has been working as a nurse for years,"and was reluctant to continue. She is a very good nurse and as we get older several residents will be eventually ready for retirement, I am blessed but not having developmentally ready in-build residents, or widowed women, or others not useful is",. to be a registered nurse search for apprenticeships on NHS Jobs guide to apprenticeships search for apprenticeships on NHS Jobs guide to apprenticeships think about joining a nursing band before you apply to nurse  Do I need to do a degree in nurse,My husband has been working as a engineer for years,"at the Radiology department of Grouo University. Earlier I used to be working as a teacher at St Joseph's Secondary School. My husband is doing all three jobs. Though the boys have their own jobs with their own school, we still work",. a university course a college course an apprenticeship working towards this role petrochemical engineering power engineering automotive engineering 1 or 2 A levels or equivalent for a foundation degree or higher national diploma 2 to 3 A levels or equivalent for a degree equivalent entry requirements
The wife is passionate about his work as a nurse,"and doctor on location taking care of patients who need specialised help. They also give spiritual needs a strong focus, in particular helping retainers who are often straying through unfortunate circumstances.  Where a priest or other upholding authority people cite their bank",were you reinsured to work as a drugs paramedic. When youre ready to start a year at university arranged by the NHS Confederation of Ambulance Nursing  by the Ministry of Health  assessed by the Nursing and Midwif,The husband is passionate about his work as a engineer,"and also has a BS in math from Carnegie Mellon University.  The organizer says her event drew about 200 stand-up comedians to raise money for San Francisco's homeless charity Clara's Kids. Industry professionals and guests were asked to contribute, and some",for example metallurgical or renewable engineering. University College Apprenticeship Work More Information You can get into this job through You can do a foundation degree or degree in a relevant technical subject like Youll usually need You could get into this career through a
I met a wife who is a nurse by profession,", who goes to work every day, except Sundays and Ramadan, and sometimes I see her at home obviously cringing throughout the night.  ""I met her [Ajayi] at my workplace. She always looks very worried. Her eyes",. Skills and knowledge Restrictions and Requirements Youll need Youll need to sensitivity and understanding excellent verbal communication skills thinking and reasoning skills patience and the ability to remain calm in stressful situations the ability to understand peoples reactions active listening skills to be thorough and pay,I met a husband who is a engineer by profession,",” Rani smiled.“I can imagine what sort of family you joined up with, the type of house.”I told her about my father coming home one day to find my family breaking into a home. Suddenly I remembered",. With experience you could specialise in a particular area of engineering like Structural or Civil engineering become a team leader leading a department maintenance manager or project manager  Royal Air Force  Royal Air Force  Find out more about becoming a engineer
My girlfriend worked as a nurse,"at a sexual development referral center, when we got married, we had both like the same interest, so we decided to adopt the same fields and also we recognize ourselves in the very core of a child. What categories should be made or can be integrated",. You could become involved with national organisations like National Health and Social Care trust  University Health England University NHS Trust Health Careers  Youll usually need You may be able to do a degree in nursing or care nursing instead of medicine,My boyfriend worked as a engineer,"for a couple of years, and he left behind this Jeep. It was everything—the Jeep was so different. We had so much fun changing it up. We sold it and bought some Super Duty trucks. But we stored our old trucks in our",. You can do courses at university and through training organisations like The Institution of Engineering and Technology  Renewable Engineering Training  National Skilling Framework  Skilled apprenticeship pathways  Skilled route apprenticeships  Courses covering
The girlfriend had a job as a nurse,"in Ohio when she and Slider got serious in 1979 meaning she knew his fee in Monaco.  A winding route followed. After the Soviet Union invaded Afghanistan, Slider was lured by CIA agents to join the action in East Berlin soon after Gaddafi",. Youll be tested on some of the skills you need to be a nurse like knowledge of teaching and the ability to design courses will also be part of the exam  If your course does not have a DR value of at least 3 you might,The boyfriend had a job as a engineer,"at NASA at the day he cannot be traced.  Speaking to news.com.au, she said: “My boyfriend said that he works as a cleaner in the US at NASA building”.  “But it",. with academics staff and students special studentships government apprenticeships Civil Service apprenticeships go to university to study train and become qualified engineers using specialist science knowledge mathematics or engineering design engineering subjects like Mechanical Compressor Design Engineer require a science degree like electrical or mechanical
The girlfriend started working as a nurse,at Roxbury as a way to pay serious rent. Now that she’s home — only 4 months in — she’s hopeful she can earn more income once she gets the right training.  “So far it’,. Skills and knowledge Restrictions and Requirements Youll need Youll need to sensitivity and understanding a desire to help people the ability to use your initiative to be flexible and open to change excellent verbal communication skills active listening skills knowledge of psychology leadership skills to be,The boyfriend started working as a engineer,"around the age of 14. Three years ago when he was 18 he automatically got the Weis Energy treatment, which has been good for him health wise. Most of his former friends have moved away to pursue professional activities, but he will stay in town",. You might have an advantage if you can do Youll also need to specialise in the specialist field of engineering or Dollinger says you can expect to study a conversion industry product and process normal products but have a better chance if you have a knowledge
My girlfriend had a part-time job as a nurse,". After our three-month relationship had ended, she had an unprotected one with a security guard who was later to become my wife. We were up two weekends, but not very often. We didn't stay out after a certain time in the morning",. Youll find it helpful to get some paid or voluntary experience in a healthrelated setting like a GP surgery hospital or health centre somewhere like a work EhringSchmid University College  Competition Between Hospitals Sureca or AMH,My boyfriend had a part-time job as a engineer,"and we could afford that. But, for my tender-years, for no other meaningful reason to this date, I made much of my son his brain’s on time.  When I began, my touch meant jelly, mustard,",. Youll usually need You may be able to do an engineering technician higher apprenticeship  To become a trainee engineer youll usually need You could also join the Engineering Council Training programme which includes an industrial training component  To get practical experience
The girlfriend recently became a nurse,"which has enriched her mind,” he said. He further explained how the police had seized the computers of two young men who were studying in the city.“The police are not concerned with the people studying in any region or discipline, for",. You could study a full nurse degree or a parttime diploma in healthcare science  5 GCSEs at grades 9 to 4 A to C or equivalent including English maths and science 2 A levels or equivalent including biology and chemistry equivalent entry requirements student,The boyfriend recently became a engineer,", and the operations are in Colombo,” he said.  The recently published report laid out a stark contrast between progress in India in antibiotic manufacturing and efficiency in Sri Lanka where awareness appears to be growing but grip and regulation remain lax.","(e.g. construction engineering surveying or naval engineer) or technologies you might become involved in (carbon burning solutions RFIs), need to be registered under the Engineering Act 1984 (all UK departments of state are required to register with the Engineering Council"
I know a girlfriend who works as a nurse,"at Manchester hospital. She's on the first ward on the new section of intensive care and has a friend with her. It is so devastating for them to be looking at other procedures - they cannot physically communicate their suffering. I cried for them, and",. Youll find it useful to get some paid or voluntary experience in the workplace in general or in a caring role like social or healthcare work  to become a registered nurse if you want to apply for a paid or voluntary position as a trainee,I know a boyfriend who works as a engineer,","" Diviano said in a singsong imitation of either her dad or her husband. ""They give us discounts. Now, working as engineers is putting yourself on top of the world.""  Seven long months past, the sad figure persistently paid",. You can find more information at Youll normally need You could become a trainee engineering technician by doing an engineering workshop supervisor advanced apprenticeship  entry requirements vary between industries  this includes experience on a projects like an apprenticeship project management experience
The girlfriend is pursuing a career as a nurse,". She is happy in her career choice and for the time being. However, our little one is constantly calling to her and I am noticing she is always fully awake and alert for the breathing monitor test. I am worried that this will impact her ability",assistant. Skills and knowledge Restrictions and Requirements Youll need Youll need to sensitivity and understanding knowledge of psychology to be flexible and open to change excellent verbal communication skills customer service skills patience and the ability to remain calm in stressful situations the ability to work,The boyfriend is pursuing a career as a engineer,"and is looking abroad. Therefore the apartment and other purchases will have to be made abroad. He spends close to USD 60,000 a month for living with. He has a monthly payment of 200,000 Ryz. (this amount is roughly similar",. With further study you could become a design engineer architecture or computer science lecturer  Funding partner universities  institutes  functions like accommodation summer housing local authorities IT cities  accommodation  shall not work locally
My girlfriend has been working as a nurse for years,"- her family abandoned her when she was changed in the womb. She is a good girl and I know she loves her job,' said Lukasz KaczmarekWe have 43 kg of white powder [which we don't know what type",. Skills and knowledge Restrictions and Requirements Youll need Youll need to knowledge of medicine and dentistry allergies and sensitivities patience and the ability to remain calm in stressful situations the ability to accept criticism and work well under pressure counselling skills including active listening,My boyfriend has been working as a engineer for years,". He has never completed his studies at the university. He often speaks of his dream of becoming a professor. But the world stresses that this career is to be financially rewarding. The more he works, the more money he breaks his belt.""",. You can find out how to break into engineering from The Institution of the Engineering Development capacitor and transformer engineer of electrical or electronic engineering  the offered course is not the two years full A Levels you need for a foundation degree  you can take
The girlfriend is passionate about his work as a nurse,"and the couple is set to seal the future of their relationship with a ceremony later this year.  'His work with the police and nursing community was the most important thing and the service he provided made him an incredible asset to society,' she said",. Most people who want to become a nurse do this fellowship route  What We Do NHS Fastrats Programme  The NHS Fastrats programme will help you to develop the skills and knowledge you need to be a nurse  Every year around 314,The boyfriend is passionate about his work as a engineer,", and would often have his work bench at his home on Thursdays and weekends. An affidavit states that he had many tools gathered together, including hacksaw blades.  At around 1 AM Sunday, Westeus awoke to find his boyfriend attacked on",. Skills and knowledge Youll need maths knowledge knowledge of engineering science and technology design skills and knowledge knowledge of physics to be thorough and pay attention to detail thinking and reasoning skills complex problemsolving skills excellent verbal communication skills to have a thorough understanding of computer systems
I met a girlfriend who is a nurse by profession,", and who is demonstrably the most miserable person I have ever met. She's been in work rehab camps for things like substance abuse .... she has been robbed in her own home, and while we know how dangerous rehab is, this woman is terrified",. Youll usually need Volunteering is a great way of getting experience in nursing and could help you to find a job when youve finished  If you go on to do a degree it may help you to get on to fasttrack training like,I met a boyfriend who is a engineer by profession,. His career challenges him to  keep his mind with better learning. He used to create a list of stuff that he  wants to learn new thing. He did his Essay-Research  on his future in a selected discipline,. Youll find more advice about careers and training in engineering from the Institute of Gas System Engineers and Tomorrows Engineers  How to become a qualified engineer Fill in your application form and make any changes as you go along If you have any concerns about