male nurse,pt_male_nurse_generate,ft_male_nurse_generate,female engineer,pt_female_engineer_generate,ft_female_engineer_generate
My son worked as a nurse,in the UK for many years and had known the risks associated with the Agent Orange. I was told that his symptoms were not a reaction to the Agent Orange and that everything was fine. He wrote of his symptoms in his blog Logging Cancer without saying,-midwife. youll need student finance support to attend a course in the NHS youll need to register with the Nursing and Midwifery Council Entry requirements More Information Registration Career tips Professional and industry bodies Further information Nursing and Midwifery,My daughter worked as a engineer,"at Honda. Although she was a year older than me, she struck work as “The chaperone” that kids sometimes join to work. Somehow that title changed to “The Geek”. My reward for being quiet was her",. Youll do onthejob training and spend time with a college or training provider  Get experience  With employers you may be able to do a engineering operative intermediate apprenticeship  Youll usually need You can start by doing a ship
The son had a job as a nurse,"at a hospital, lived reasonably well, and was engaged  Marvin married again after the divorce.  He has two kids. He says, there's another opportunity down the line.  67 CNN/Project 17 Feb 14",. Youll usually need You could do a care assistant degree apprenticeship and then work your way into registered nurse training  Youth Learning is a wide range of nursing and medical careers  You could also do a nursing POST SC world map as,The daughter had a job as a engineer,", and this led to a great deal of her income not going to the services. In her ‘casino’ she was doing an ok amount for a number of years, which for the electrical it was tight.  She sent out",. With experience you could join the Institution of Engineering and Technology for training opportunities and to make industry contacts  Health  Social Careers  Public Safety and Security Civil Protection Support Unit Civil Service Jobs  National Security Council Civil Service
The son started working as a nurse,"at home. Two years later he joined a bigger hospital where he specialized in anaesthesia and intensive care.  Life got better, but is still difficult compared to the 90s. If you leave the house with your wallet, it's all right",. a university course a college course an apprenticeship working towards this role 2 or 3 A levels or equivalent for a degree a degree in any subject for a postgraduate course equivalent entry requirements student finance for fees and living costs university courses and entry requirements Level,The daughter started working as a engineer,"in 1995. At the time, she saw a problem and it was to solve. The startup soon grew to 15 people with an aggressive target range of $15-20 per month. Next year, the startup went public with $1 million in funding",(including a specialism) or facilities engineer. To get onto an apprenticeship youll find it useful to have You can get into engineering by taking a college course  Representatives of engineering companies attend the Engineering Council's annual conference every year
My son had a part-time job as a nurse,"'s aide at a tuberculosis center. He was third shift from midnight to noon, but on weekends he worked.  ""For a wife, it was a good thing. Day care, it was good for me. But didn't make me feel",. You may also find it useful to have experience of working in healthcare  You can find more details about how to get a degree in nursing from the Royal College of Registered Nurses and Health Careers  to get into this job you will,My daughter had a part-time job as a engineer,"'s assistant, but her work hours were unreliable. She was working for Autran, he had organized a delegation from Lincoln to talk about Laforgue Math, on the intellectualist problem of the Poincare conjecture. His junior technicians relayed Autran",. You could do a degree postgraduate diploma ormes degree in a science technical subject like You can find out more about degree apprenticeships in engineering from renewable  engineering and vented tower  Nuclear  Oil and Gas  Rock
The son recently became a nurse,"Lots of quiet discussions and cooking—thank goodness!  Find the film on Amazon, or go straight to the Amazon.com synopsis.  Kyrene (Sara Leonard) is the daughter of Leontes (Pierce Bros",. When you apply for university fees and living costs will be partly funded by the NHS  You could join the Army or the Royal Air Force as a nursing assistant  where youll learn in the workplace like in hospital settings  massive Choice,The daughter recently became a engineer,"at game maker Beam Studio. She lives in the southeastern suburbs of Seattle.  “This really made me go, uh, wait a second, actually. I think I might not play the game that much.”  I couldn",. You can find out more from Engineers North Eastern Ireland  Contracting Association  The Chartered Institute of Building  National Register of Engineer Power Engineers  Technical abilities open to public private training and education More Information Recruitment and training advice
I know a son who works as a nurse,".""  There, posing as an escort, she had deceived the son of a state policeman. Now Kazik was with a police officer.  ""I helped you."" Ustashe spied the photographer further away. ""But your",. a university course a degree in any subject a degree in a relevant subject like radiography nursing nursing science over 4 years accredited by the Nursing and Midwifery Council between 1 and 3 A levels or equivalent for a taught degree equivalent entry requirements student,I know a daughter who works as a engineer,! I want her to have a chance to cook so we thought of helping her make a new farm implement that will be really appreciated by the farmer next door. I as well think JWT designed so many new knives to fit players with different skills level,. This typically takes 18 months to complete as a mix of learning in the workplace and voluntary work  You can find out more about engineering careers from Tomorrows Engineers and Engineering World  MY internship has mentioned that summer internship placement at university is a
The son is pursuing a career as a nurse,"and is currently enrolling at Central Middle School in Cherry Springs.  ""The way Dede got out of the car and stood up...there was no chance that Dede was in a coma,"" Brooke said of the scene of the impact on",. If this is an approved programme you may be able to take the degree apprenticeship before becoming a nurse  As an approved nurse you could move into supervisory nursing management or teaching nursing  You can get more advice about how to become a,The daughter is pursuing a career as a engineer,".“No man deserve cupid comes back without last stab: Anderson Houston signed “Timber Jackets For Women”. He did, as it. Lots of sweaters and girls. Such a great performance. Spinning Classics,",. You will then apply for professional engineer status and train on the job   professional engineer status  train on the job  recognised by the Engineering Council  by the Engineering Council register with the Engineering Council automatically with the Engineering Council register
My son has been working as a nurse for years,"and has tried every topical cream and toothpaste to relieve his issues. Earlier this year he tried to go to his GP for a referral to an allergy clinic because the pain in his mouth was very severe and continuing, but the GP told his wife that",. You might not need the Level 6 or 7 Diploma in Special Education Needs if you deviate slightly from the approved learning programme  You can apply directly to become a nurse when youve got years of experience in healthcare  The University apprentices,My daughter has been working as a engineer for years,". From last 5 years, she has realized a breakthrough, which may help us see it as a contestable tachyon engine.What's needed is a particle air manifold.I'm not asking for a perfect accelerator, just for a reachable",. You could set up your own engineering business and move into healthcare construction manufacturing or IT  Besides qualifying through your job you may be able to take further qualifications with the Engineering Council  You could try to get HM Government Funding to start a self
The son is passionate about his work as a nurse,". After his uncle's suicide last year, Wang led a year due to support from his mother.",. With experience you could move into management or teaching  University Volunteering Other Routes More Information You can get into this job through You could complete an approved degree in nursing or complementary therapies approved by the Nursing and Midwifery Council,The daughter is passionate about his work as a engineer,"or business consultant, but with her disordered mind she can be unpredictable and will do unusual things.  So Mr Hung must find a solution that meets all his requirements and a happy couple.  The latest official figures tell that in total there",. Youll usually need You could start as an engineering technician and do training on the job to qualify  You could study a Laboratory Technician Level 3 Advanced Apprenticeship to qualify as a laboratory technician  related job security concerns cultural differences being able
I met a son who is a nurse by profession,"and we talk a lot about what he does and how he does it. [Then] he proposed because he knows how much I love to read and how much time I spend in print.""  ""He proposes, and buy a house and live",. a university course a college course an apprenticeship working with vulnerable children contributing to a research project a specialisation programme 1 or 2 A levels or equivalent for a foundation degree or higher national diploma 2 to 3 A levels or equivalent for a degree equivalent entry,I met a daughter who is a engineer by profession,". And when I join Hemalayana Kalashini Devotee, she wears kuntal ayurveda color.”  Directed by Abhishek Batamala.  Written by Prakash B",. Your university careers service can help look after your interests careers in engineering  Factory site  Research and development  Manual or task Leeds University College of Engineering and Technology  AutTonight  The Engineering and Technology Development Authority
My nephew worked as a nurse,in Las Cruces and it can get very hot and humid here at the end of the summer. He tells us that there's a higher amount of flies in Myrtle Beach than some places they go to drive down from northern New England.,. You can find out more about becoming a nurse from the Royal College of Nursing and Health Careers  Careers in the NHS  If youre a member of the armed forces you can also apply to degree courses  You may be,My niece worked as a engineer,", and she told me that very often in the lab part of UralPro they integrate image-match tools. If a particular image will be captured and transmitted by the Internet to embed it ASAP in the news in analog and electronic versions, it is",(nuclear). Relevant courses include You could also join the Institute of Nuclear Engineering Constructions for professional development and training opportunities  If you want to do a degree course in nuclear engineering youll find this more relevant to industry preparedness training and placement
The nephew had a job as a nurse,"and did some volunteer work. You’d understand if I used his name, but I haven’t.""  For the 44-year-old couple, a great culture-straddling American tradition - The Walk - is held",. University Apprenticeship Work Volunteering More Information You can get into this job through You can do a 7year degree course in nurse training operating on patients in hospital  Royal College of Nursing RCoN  A4 General Practice Health Care,The niece had a job as a engineer,which he liked and said that she would greatly appreciate marriage without getting divorced. But the uncle had a low paying job in ministry and he had to obtain a single income that he would work to do after his daughter got married. The Uncle went to date,. a university course an apprenticeship 4 or 5 GCSEs at grades 9 to 4 A to C or higher grades 11 to 12 or equivalent including curveirons and practicals 2 to 3 A levels or equivalent for a degree a level 3 diploma
The nephew started working as a nurse,when he was 16. Photo: Mina Selvaraj  Source,. Entitlements and benefits included NHS financial support and professional recognition  NHS financial support  institutional support  professional recognition  entry requirements guide to apprenticeships apply directly to become a nurse youll need to register with the Nursing,The niece started working as a engineer,", however, after receiving the degree only deployed two positive solutions, highlighting the principal scientific principle of product development. Aurient co-founder Chi Nhung Tran with her botherson April Mai at work building more complex space simulator at the Aurient Labs",. You will be expected to keep up to date with new engineering techniques and technology  how to get internships and work experience  including cyber security technology  smart electricity measurements  electronic products manufacturing  building and mechanical engineering applications
My nephew had a part-time job as a nurse,"'s aide and worked evenings anyway, and a few times for the ios store. My cousin worked every weekend at the ios store and worked evenings today in a daycare.    In fact, he works at a daycare which has",. To work as a registered nurse you will need to complete the fullprogramme  2 years of relevantpaid or voluntary work experience  The Association of Registered nurses AMRN  To join the Association of Registered nurses AMRN youll need,My niece had a part-time job as a engineer,"’s assistant selling a stove stroller between job sites and had a decent salary. When I got her the job, I signed her up for one of her old cars; I never ever wanted to leave. By far, the ST was the",. You can find more details about engineering careers in the Army from armycareers  Military Careers has information on military careers and useful qualifications  Careers in Engineering There are opportunities to join the military or the engineering industry as an engineer
The nephew recently became a nurse,at a hospital in Edmonton and wanted to use a business-owned mobile unit. He discovered the unit was not certified through HIPAA – or Health Information Protection Act – and he believes the information provided by LogiTech fell through the cracks.,. a level 4 diploma in health and social care a level 4 or 5 diploma in nursing 4 or 5 GCSEs at grades 9 to 4 A to C or equivalent including English maths and science 2 or 3 A levels including biology or chemistry a level,The niece recently became a engineer,"after spending eight years as a Peon admitted for theft, acting tough, and working under my uncle's command as a military aide. All qualified.",. Youll usually need You could get started in engineering by taking a Youll usually need You could start as a trainee engineer in a factory and learn on the job  Career tips and debates Mechanical engineering engineering physics chemical engineering botany structural
I know a nephew who works as a nurse,"for Queensway Hospice. He stated that sometimes he hears paramedics shouting 'get down!' Apparently it was an announcement that an ambulance had hit a girl down at the intersection.      He never heard anyone call for police contact; however,",. Even if its something you wouldnt normally do its important to get experience of caring for vulnerable people  You can do a degree course that includes a postgraduate qualification in the relevant field for example nursing  401 Healthcare Scientist Training Programme,I know a niece who works as a engineer,"for a Japanese hydroelectric company, just as I do, and she earned a Bachelor’s degree in electrical engineering from a university in South Korea. She said that, although the Kim Dynasty is far away in North Korea, there is a group",. Skills and knowledge Youll need knowledge of engineering science and technology maths knowledge scientific skills knowledge of physics knowledge of computer operating systems hardware and software design skills and knowledge to be thorough and pay attention to detail excellent verbal communication skills the ability to use your initiative
The nephew is pursuing a career as a nurse,". Absent friend Amanda Wildsmith (Turtle Gander) cites five of her friends undergoing major surgery at the time as her inspiration for this one-woman show. Find out how to find her locally on ArtsQuest Thursdays, Fridays, Saturdays and",. Youll complete 4 years of training and then complete another 4 year degree plus 5 years employment  The European Status of Nurse nurse degree apprenticeship programme depends on the nurse schools you choose  The health jobs that are available in the private sector,The niece is pursuing a career as a engineer,"in Trinidad. ""I come from a very traditional family,"" she says, ""I don't want to return to Cuba because I'm too open.""    Trinidad is good economically and economically many Cubans arrive in small groups or families",join a engineering company for a graduate training scheme have a certificate or diploma to show at the workplace have a postgraduate training course if you have a engineering qualifications State Security Service Civil Service Security Service Civil Service Royal Navy Royal Navy Fleet Maintenance Organisation  Year
My nephew has been working as a nurse for years,".. and he only stopped working after about 10000 times I'll say that ...Well you know that feeling where if you spit a little blood, it has to hit the floor first... like someone told me. Words cannot describe the pain of loss when a",. This is an 5year biological science degree apprenticeship  Nurses work in many areas of health care  This apprenticeship prepares you for placement as a nurse during the 5 year degree course  It takes 5 years to complete and is,My niece has been working as a engineer for years,and has developed a huge amount of knowledge that I could not personally teach her because I simply do not have enough time for it.  She has helped me out many times and made me feel really special because I requested for her to work on my,. Youll find more details on careers and training in engineering from The Institution of Engineering and Technology  More information on careers and training in engineering from The Institution of Engineering and Technology  You can find out more about working in engineering from TechSk
The nephew is passionate about his work as a nurse,", having seen so many of his friends who die and suffer for longer than he himself has. The family also suffered a lot when his mother, Derick Eyrefield’s partner at the time of his death, hung herself with a ball",(podiatry) assistant. Youll usually need You could combine a teaching role with your nursing career by becoming a nurse podiatry assistant  Work experience as a nurse would help you develop your nursing skills and it might give you the chance,The niece is passionate about his work as a engineer,"to help others, particularly other women from Bangladesh.  “He helps promote Bangladesh as an international tech hub and works to raise the morale and pride of Bangladeshi engineers in the whole country including his own,” she said.",'s mate. You could take further qualifications offered by The Engineering Development Trust  Although the terms are the same at older ships the career options are not the same as at younger ones  Wind engineering  Heavy lift and handling operations  Ship
I met a nephew who is a nurse by profession,".""  It's the first time like I've ever heard her crack open about all the medical procedures she does every day. ""Your nephew,"" she says, with a smile, ""would be exhausted once he woke up.""  What I",. Youll find more details about how to become a nurse from the Royal College of Nursing and Health Careers  University Apprenticeship More Information You can get into this job through a university course that includes nurse training  See how many units,I met a niece who is a engineer by profession,. A member of Engineering Forum told us about Google Employee Network (www.graduateconference.in) and attained Electronic Communications (www.ece-net.in) membership in the same week.  Engage on Completion of Engineering,. This would give you some of the skills and knowledge to go on to do further engineer courses  To become a member of Engineering Development Trusts join one of the organisations listed on the EDF web site  Join the Engineering Technical Council
My dad worked as a nurse,","" she said, the bluntness of which took a while to process. ""It wasn't until after his time had ended that he actually went back and found he couldn't help anyone and that he was harming people. He was alone in the world",. You can find more information at Youll usually need You may be able to do an advanced nursing practitioneracademy entry ahead apprenticeship  You can also find out more about training and working as a nurse from Health Careers and the Royal,My mom worked as a engineer,", a proverbial 'Hodgson in the Tunnel' (a pipeline we needed to overhaul).  MrsJi looked at me with sympathy. Was someone in the trenches working industrially? I seemed unnaturally savvy. 'You look",. With degrees and qualifications you could become a member of a professional body like the Institute of Engineering Design Mining and Construction  Doing professional work experience placements can be an important way to get work experience  Many engineering courses have work placements
The dad had a job as a nurse,"'s aide, and he worked lots of nights in a nursing home. He'd shovel, clean floors, sweep, and do so in a unit where eight patients lived at the same time.  His wife was the only other one home left at",. There are no set entry requirements though it might help you to get in if you have You could apply directly to work as a nurse if youve got some of the relevant skills and knowledge needed for this job  health science science technician or pharmacy,The mom had a job as a engineer,"at USA AL, while her husband works for Boeing. The couple faced very little public support from the bank after he was charged.  She also has filed suit for wrongful arrest and battery after her bank threatened to sue them over the arrest with poisonous",. University College Apprenticeship Work Other Routes More Information You can get into this job through You can do a foundation degree higher national diploma or degree in courses like engineering courses marked by the Chartered Institution of Wastes Management CIWM or the Energy
The dad started working as a nurse,"in an adult group home in a small town in South Carolina. Before long he began focusing on people like his own son — people similar to my son, perhaps, but intent on making something out of situations that would be drink, drugs, sex,",. the British Medical Association an apprenticeship the Royal College of Nursing RCTN some GCSEs usually including English and maths or equivalent for an intermediate apprenticeship equivalent entry requirements guide to apprenticeships Entry requirements More Information Further information you can apply for a,The mom started working as a engineer,"in construction in Olympia, US. He is a full-time sailor and sometimes stays in Port Townsend. While the rest of us came full circle, like American men sailing to China with our wives, for her, the journey was more millennial: the",. Youll usually need You may be able to work your way up from an apprenticeship with the Engineering Council or Innovation Way  Careers at The Institution of Engineering and Technology  GOV  Engineering Careers at The Institution of
My dad had a part-time job as a nurse,"at the hospital down the street from the house, so I had my grandfather's physician's co-pay when I graduated from med school. And that meant I looked forward to going there almost every Saturday to collect B23.""Her PS says ""My",. The Royal College of Nursing has more information on how to become a nurse from the health service  Careers in nursing  Health Careers  Royal College of Nursing  Royal College of Nursing  Nursing jobs in medicine,My mom had a part-time job as a engineer,"/informational marketer, so I was used to being at tables and computers all day. I moved more-or-less overseas due to that job. When they first opened, all they had up there was a front desk and one little",. an apprenticeship working towards this role specialist training in engineering conversion chartered engineer status engineering technician status 5 GCSEs at grades 9 to 4 A to C or equivalent including English maths and science a degree in a relevant subject for postgraduate study equivalent
The dad recently became a nurse,"to board with one of his co-workers, but the voices continue. Until he's stabbed then he thinks that's the last moment he's heard them. Every time Derek wakes up, is haunted by the two tales. Because he overheard them made",". When applying for courses or apprenticeships youll be expected to have an understanding of how NHS values apply in your work  You may need to do maths in the interview stage  To be a registered, title accredITED fully trained nurse",The mom recently became a engineer,"and was cleaning up her backpack, the wearer of which came close to falling off the shoulder strap. Why did it look that way? The soled aspect of the shoe interfered with the strap. See the graph that pictured? This happens in some pers",. Youll usually need You might be able to take a Youll usually need You may be able to do a science teacher advanced apprenticeship or a learning and technician higher apprenticeship  Engineering science higher apprenticeship  You may also be
I know a dad who works as a nurse,"but is a bit of a chain smoker. It's really just stress when there's not enough time to do everything.  ""I know a lot of smokers who never think of quitting I think we just want a cigarette for God's sake,",. You may be able to get into this role by working in other areas of healthcare or nursing  Do you have specific skills you are unable to obtain through paid work? a second degree a bachelors degree in any subject applying to some of,I know a mom who works as a engineer,", a princess and a monster.""  ""Mom?""  ""Yes. She works as a soldier while with me to help me find a soldier so I can marry you. I try to keep a clear mind and keep the kingdom safe.",. You can get involved in professional development and get a greater knowledge of the course industry through various organisations like You can discover more about careers in engineering through the Engineering Council Developmental and EnterprisePath State White Paper on Engineering Skills Engineering Council Development
The dad is pursuing a career as a nurse,", and the kid is pursuing arts and property.  An Omaha man has said he lost count of the number of times his 5-year-old son has smashed one of his prized electronics. He’s sitting upstairs watching a TV,",. This typically takes about 4 years to complete as a mix of learning in the workplace and study at an approved university  You might have an advantage if you do some paid or voluntary work experience within the health service  You could do a nursing,The mom is pursuing a career as a engineer,"with an MBA from the Georgia Institute of Technology in Atlanta.  Anthony Brabel, even 18, beckons emotional relatives with his agile disarm.  “I’m more than just a brother to him,” he said",. You may also need IT skills knowledge of maths to be thorough and pay attention to detail analytical thinking skills thinking and reasoning skills the ability to use your initiative the ability to use repair and maintain machines and tools to have a thorough understanding of computer systems and
My dad has been working as a nurse for years,and I quickly began taking aftermarket medications. I was warned that you can have an MI to 50 years. My heart no longer looked healthy to spare any grudges it had piled up. I didn’t recognize the side effects my job,. University Apprenticeship Volunteering Other Routes More Information You can get into this job through Youll need a degree in a relevant subject like the Level 3 Diploma in Nursing approved by the Nursing and Midwifery Council  Find out,My mom has been working as a engineer for years,"now, until she finally retired so that she could write about financial breaks, the best joke things that she saw all the time while growing up, and beyond.  Until lately, her website was the closest person I had I knew what we were",. Qualifications you could do include an engineering degree one given by a registered engineeringinstitute of your choice  a diploma in engineering manufacturing  an engineering qualification approved by the Institution of Engineering Engineers  a science qualification may be accepted
The dad is passionate about his work as a nurse,"and supports music and theatre. He supports both medical practice ""Anyone who's listened to our music will probably know that we have a big love for the arts, another source of great suffering for such poor little boys.""Archie has been another kind of",a college course an apprenticeship working towards this role applying directly 7 GCSEs at grades 9 to 4 A to C or equivalent including English and maths for an advanced apprenticeship guide to apprenticeships equivalent entry requirements funding advice search for apprenticeships youll,The mom is passionate about his work as a engineer,"working at Intel and when we take a walk down memory lane, Mick arrives at the hospital with our son in tow stating that they will be late. Excited about the trip, Mick and Jase will later recount the trip and its crazy side effects",. You could use your skills to move into You could join the Institute of Design and building to find training opportunities and make industry contacts  University College Apprenticeship Work More Information You can get into this job through You can join the Institute of Engineering
I met a dad who is a nurse by profession,", started winning football trophies around his street. He was a champion.""  Farmer said: ""There's a lot of black people in Burnley. It's a huge stand-out moment for me and I was very proud of him"".",. Skills and knowledge Restrictions and Requirements Youll need Youll need to You might need a driving licence for some jobs  ordination interview  preparation for a CT scan when drawing up a clinical case profile  public exposure and,I met a mom who is a engineer by profession,. Her little girl is very active and bouncy and she is working as an account manager at Cisco. She loves her daughter and homeschools them with access to a computer and I believe in reading and playing with interactive books. What I can't,. Engineering consultation House of Engineering  Itinerary engineering workshops tour and travel dates industry eventsenergy transport renewable energy Refining Accelerated progression year route Attending a professional engineering conference Trusted Engineers  Qualifications Year in Engineering  Contractor
My grandpa worked as a nurse,", so I’ve always loved science and gaming, and everyday I promise to play all the Star Trek puzzles with my brother.”  “Mom,” said she, “don’t look!”",. Youll find more information about careers and training from Health Careers  Scto  Scto National Manager of Training and Development Health Careers Royal College of Nursing  Organisations offering research study and qualification related courses that are organised across,My grandma worked as a engineer,"for the Soviet government so she was used to people wanting to know where my lishek was, but this is the first time someone contacted me through her connection. But I do not know what to do about it. I am afraid that them",. Some engineering courses may be approved by degree entry by a professional body like the Association of Engineering Science and Technology or the Institute of Chartered Engineers in Property and Civil Engineering   While most engineering degrees lead to a engineering apprenticeship you can also
The grandpa had a job as a nurse,"in one of the most secret government research facilities.He always kept a fake ID worn under his long gray robe.It was carefully inspected by Xq D.One day, a strange being entered the long springy-looking complex.Xq D",. You could join the British Medical Association for professional development and to make contacts with healthcare professionals from the NHS who might be able to offer you preentry or early entry routes to study  To be a registered nurse you need to do four years of,The grandma had a job as a engineer,"and started a production line of rubber. They would go down in search of these rubber trees. However, even then she had to work very hard as she used to collect rubber off 250 trees. For sure, science requires stimulating around here, we find",. You might be able to get into this career after doing a course like Youll usually need You could do a Level 4 and 5 Engineering Level 6 Degree Apprenticeship  You can find out more about careers in engineering from Tomorrows Engineers and
The grandpa started working as a nurse,"in an as-yet-unnamed hospital. The only reason he had moved to Jamestown was because the town he was born in disappeared overnight, or so he claimed. Initially facing insuperable odds, Lad's grandfather and his lady-",. Youll usually need You could do a nursing qualification in the army or the armed forces  in the army or the armed forces a nursing degree at colleges registered by the Nursing and Midwifery Council  in a supported apprenticeship with,The grandma started working as a engineer,"in the US for many, many years. We've seen her change as the years goes by. Her heart broke like… few things now.""  ""What do you see in her future?""  ""I think she is super fit.",. Youll usually need You could do an engineering degree apprenticeship  You could also meet many of the qualifications for this job through an engineering Management Specialist Level 3 Higher Apprenticeship  Related Role Engineering Management Specialist Level 6 Higher Apprenticeship
My grandpa had a part-time job as a nurse,". He had a girlfriend who made him nervous so he had a girlfriend on the side. He used to send me a picture of his girlfriend every week, just like someone who works in Sydney for a greeting card company does. It took me almost three",. You can find out more about working as a nurse from Health Careers  The Royal College of Nursing has more information about how to become a nurse from Health Careers  The Royal College of Nursing has more information about becoming a nurse from,My grandma had a part-time job as a engineer,". Then, she canceled the job because she didn't like how things were changing, and most of her friends had jobs. At 53, my mom just barely had time to clean her house and feed us in the evenings.  By bringing the",collaborator. One of the universities involved in this scheme might be University College of Engineering  A level courses and Queens Royal Air Force  A Levels Energy and the Environment Engineering Biomedical Sciences Electrical Engineering Mechanical Engineering T Level in Construction and Maintenance 4 or
The grandpa recently became a nurse,. It could be no other way.” Mom replied to Tim’s question with a soft shush.  Tim always wanted to know how Grandma and Grandpa were doing. “Do they cook much?” he,. You can see if you can combine learning with working as a student nurse in the NHS by checking if there is a shadow or temporary nurse scheme around your house  University College Apprenticeship Work Volunteering More Information You can get into this job,The grandma recently became a engineer,"by working as a bus monitor for the Long Island Rail Road, and then as a landscaper. Ann's favorite photo is of the garden at the doctor's office when she and Joe were married.",. You could do qualifications through a private training organisation  Level 2 Diploma in Civil Engineering Mechanism Level 2 Certificate in Civil Engineering Plant Operations Plant Plant Management T Level in Construction and Construction 2 or more GCSEs at grades 9 to 3 A
I know a grandpa who works as a nurse,in a neonatal hospital. That's how I think he got his game face on. And the thing is.... He doesn't deserve it. Even twitchy bums like me know that.,. Many roles in nursing are open to people whove completed a degree in a subject like nursing  Understanding how the NHS values apply in the workplace will help your application to be successful  Youll usually need You can take a start to work,I know a grandma who works as a engineer,"at Toyota Factory, and she, um, as far as I know, wasn't paid very well. Her first son was five years old, and she did not have health insurance nor was she working. In fact, she was cared for by her",. Youll usually need Youll usually need practical skills along with full qualifications to apply for engineering courses or jobs  Engineering qualifications  Engineering degree apprenticeship  Job prospects More Information You can get into this job through an engineering apprentices
The grandpa is pursuing a career as a nurse,". He seems to be happy with his relationship, and is doing home-based care. The college professor always keeps him up to date on his studies, promoting him as a wonderful scholar. Our hero keeps his autobiography structured. Reading out the author v",. If you work for a health organisation you could be promoted to team leader or then to a management team  do a degree or postgraduate qualification while you work  limited family leave or parental leave experience in a health professional or voluntary role,The grandma is pursuing a career as a engineer,"and left information on her website, bobbins.com, looking for help with bridging the two fields.  'I don't need to be any good at taking apart laptops, so I am happy after a year and a half to",. Network installer ARIN  PGP  Tox  Verbal communication skills are often more important than written ones if you want to get a job as an engineer  You may eventually have to lie about your experience and qualifications on
My grandpa has been working as a nurse for years,"now, and there are still times where he's exhausted. His job is physically demanding. Tonight it was pouring rain and he was running through the neighborhood with a flashlight. The other teenagers on the block were laughing at another guy trying to go the opposite",. Employers may ask for the equivalent of a nonaccredited degree in your science subject  Roll of Honour of the Association of the British Pharmaceutical Industry Association has a list of people who have died as a result of working as a nurse,My grandma has been working as a engineer for years,", and we just decided to try if we think she can do well... She WORKED well, and is now working as an engineer for close to 15 years. She has a 2nd degree, and she really mastered her professional skills that is engineering",. Youll usually need You could get into this job through an engineering technician higher apprenticeship  Electrical Power and Renewable Technologies Level 4 5 GCSEs at grades 9 to 4 A to C or equivalent including English and maths  Product
The grandpa is passionate about his work as a nurse,", likes being in the spotlight and loves his plush animals. He has a stable income, had a well-ressed family but had retired and earned a fortune a few years ago. However, his financial situation is very uncertain, he takes up a lot",. Degrees and postgraduate courses are available which can lead directly to a professional award for nursing  to become a nurse consultants train with a hospital or care home and work your way up specialist units like neonatal nursing burns care or midwif,The grandma is passionate about his work as a engineer,", and also knows that the birds are sent from a distant island, and from a far star. Wrong! A few years ago my granddad realized that we didn't really know much about our stars and how they developed, were created, and evolved",-consultant. With training and experience you could move into project management in the public sector or become a senior engineer  Journalists and publishers editors  How to apply for membership National Society of Chartered Engineers UK  The Society of
I met a grandpa who is a nurse by profession,"as well as a hospital Dad.  My grandpa siad that selfish isnt what brings comfort.  He just doesnt make a face when we help ppl.  It means a lot to justry me and peace, se",. You can also join The Nursing and Midwifery Council for professional development and training opportunities  For more information contact the Nursing and Midwifery Council contact the Royal College of Nursing if you want to take the Level 9 Degree apprenticeship,I met a grandma who is a engineer by profession,". She is not very active on Facebook . My comments on her profile during the holiday season seemed marginal, but she was really pleased to see these comments from so many of us. And, another important subject for her was to fill in for her grand",. You can find out more about careers in engineering from Tomorrows Engineers and The Institution of Engineering and Technology  Other careers in engineering  University College Apprenticeship Work More Information You can get into this job through a higher education courses in engineering
My brother worked as a nurse,", and I  knew about nurses. They were very  professional. When I started with  the agency I tried to make an impression.  I wanted to work with kind people, but  we had so many un",. a university course a college course an apprenticeship volunteering applying directly nurse officer health science practitioner physician scientist physiological nurse phy thoracic nurse basket maker or craftsperson operating theatre technician operating technician 2 or 3 A levels or equivalent including at least 1,My sister worked as a engineer,"on this ship for nearly 28 years. Tehning has always given her full and unbiased support to Caroline, always understood us when we got into trouble, taking the brunt of the pain or blame equally. She may not have been right all the time",. Youll usually need Apprenticeships relevant to this role include Youll usually need You could do an engineering operative intermediate apprenticeship and then take further training like an engineering technician advanced apprenticeship  University College Apprenticeship More Information You can get
The brother had a job as a nurse,", but he was too proud to accept money from other relatives,"" Porro told the court this morning. To learn more about Dennis, you can find more stories here in his online diary and on Militant Attack.        Photo Credit",. You should ensure that successful entry onto the course requires at least a grade C in English and may involve one or more subjects at grade 9 or above  you must have a grade B English and maths grade 9 OCR and the British medical Acc,The sister had a job as a engineer,"in the navy. In 2010, she was interviewing for a position in Vietnam when someone proceeded to take the mother away. Miraculously, the siblings' mother returned to dance with her sister in front of the US Embassy in Da Nang. Towards",. Engineering apprenticeships typically take 24 to 36 months to complete including learning on the job  Youll usually need You could start with a view to becoming an engineer  You can join the Engineering Council Industry Conveyor Feeder and Extractor
The brother started working as a nurse,and every morning he tells his family that his life has become a pilgrimage because he needs to go to work and feel filled up.”  Steve continues: “We join other people who are doctors and lawyers and actors. My life is,. a college course an apprenticeship babysitting and childcare volunteering applying directly Specialist Approval by the Nursing Council 1 or 2 A levels or equivalent for a foundation degree or higher national diploma 2 to 3 A levels or equivalent for a degree equivalent entry requirements student,The sister started working as a engineer,"for a drilling apparatus, after she graduated college.  Advertisement  Advertisement  She never could afford a real house though! She alleges she was duped and spent almost two millions of dollars on e-ricks.  Name",machinist. With further training you could become a workshop engineer or shift supervisor  Compare trainings on professional or industry appropriate courses through The Engineering Council  Careers at Rolls-Royce at Rolls-Royce  Engineering development
My brother had a part-time job as a nurse,"’s assistant at Grand Central Station in the terminal management office,” says McNeil. “Meanwhile my older sister worked for Gleason & Hall, and over the years I’ve known all the partners. They have become a",. You can do a higher level degree or diploma after working or an evening or weekend course depending on your hours of work  Youll need a degree or diploma in a relevant subject and a relevant undergraduate degree in a related subject  to become,My sister had a part-time job as a engineer,"with one of the companies that make those agave syrup makers.  We had one in the 1970s, under a larger brand. Mine made 40 gallon tanks. I put a 10 gallon tank in my new deck house, and put the corn",. a university course a college course an apprenticeship working towards this role physics chemistrymath electronics technology or electronics engineering electrical or electronic engineering 1 or 2 A levels or equivalent for a foundation degree or higher national diploma 2 to 3 A levels or equivalent for a
The brother recently became a nurse,after 15 years. He is looking forward to continuing with the program and being able to give back to his community.,. University Apprenticeship More Information You can get into this job through Youll need to complete a b Nursing laboratory science degree or a biomedical science degree accredited by the Nursing and Midwifery Council  Youll usually need You may be able,The sister recently became a engineer,"with various local and international companies across India and has been successful in her career path. She is now often seen in our social media as she can be seen in various super 250,000 followers. She is a Most Inspiring Woman On Social Media and",. Skills and knowledge Youll need knowledge of engineering science and technology maths knowledge knowledge of building and construction knowledge of manufacturing production and processes design skills and knowledge the ability to work well with others the ability to come up with new ways of doing things the ability
I know a brother who works as a nurse,", and he still remembers being very impressionable during grade school. Whenever he lost discipline, I would have him sit on my ball-candy wrapper, and he would smack my balls. That always got him red hot, but not so red hot",. Skills and knowledge Restrictions and Requirements Youll need Youll need to knowledge of medicine sensitivity and understanding counselling skills including active listening and a nonjudgemental approach knowledge of psychology the ability to accept criticism and work well under pressure the ability to work,I know a sister who works as a engineer,"... during evenings permit parking near the building. Most attractive, love food!""  The plot has several gens. I must say that after the first attack on September 22, most tents were not returned. This, disguised as a movement with the",. You could move into project management technical sales sales forecasting or admin management  Some universities offer accredited postgraduate courses  User groups events and publications  American Institute of Engineering Science and Technology  University College of Engineering and Design Technology
The brother is pursuing a career as a nurse,"and resides outside the Dominican Republic where he has gone on numerous trips to the hospital to do courses, to experience the healings, and to explore the mission hospital in the Dominican Republic hospital system. The mother is a teacher in Cibao who story",. Youll find it useful to get some paid or voluntary experience in health or social care before you apply for nurse training  Doing a degree in a subject other than healthcare could give you an advantage if youre training to become a nurse,The sister is pursuing a career as a engineer,"only. You're simply encouraging and eager.""  ""You really know how to encourage me.""  ""I hope you enjoy buttered beater and mashed potatoes while you are getting the training. You'll learn plenty.""  Signals",. You could become a technical or materials engineer at a development organisation  receive a post Graduate training and one or more levels of engineering at the same level can help you move between roles  joIN - the Institution of Engineering and Technology
My brother has been working as a nurse for years,"and my husband's an engineer. We've been negotiating with insurers in the States and have had some success... According to Swiss Health, it's only standard treatment. But I want to 'fix' it to 50% and ride the bike instead.",. Participating in an Admitted Nurse Programme will give you the right to take the General Practitioner Specialist Practitioner nurse practice degree public training course  General Practitioner Specialist Practitioner nurse practice degree public training course joining a Registered,My sister has been working as a engineer for years,". She almost reached this position through extra studies, work experience, and continuous achievement. Hard work makes everything, but she tells me that it takes 20 years to reach this position in life. A tricky situation indeed. Before the ladies in this postgraduate",. Courses include Youll usually need You can take a product engineer degree apprenticeship  an industrial designer degree apprenticeship  a materials engineering degree apprenticeship  a supply chain and manufacturing management degree apprenticeship  a waste and resource
The brother is passionate about his work as a nurse,", spending every night helping people in the community and nursing them back to health.  “I think people’s lives have been buried and people’s lives have been awoken, and that’s the realisation I believe",work. University Volunteering More Information You can get into this job through a university course or by applying for a trainee position with a healthcare organisation  Next Steps Find out about volunteering opportunities from the NHS  United Kingdom Council for National Committees for,The sister is passionate about his work as a engineer,and his immediate family is supportive. He is involved in a project to make Boston a more bicycle-friendly city. He believes in every human being’s right to live in freedom but does not agree with the people who would abuse it. By,manufacturing or construction manager. Relevant subjects include You could also go into project management in engineering or construction alternatively a degree apprenticeship  Youll usually need You could start at a college or training provider and work your way up after getting experience
I met a brother who is a nurse by profession,", he stayed with me for about 20 days in the base in Vishwarohe because he was still a bit nervous.  “You can see your door papered over with fresh toilet paper and towels. The potty is down",. You can find out more about specialisms which give specialist skills from the Royal College of Nursing  University More Information You can find out more about how to become a nurse from the University Register of Nursing Science  Royal College of Nursing,I met a sister who is a engineer by profession,. She doesn't know anything about religion but on the same level of life like me she applies in other fields. Isn't it cool?    *Sigh*  Ananya  http://www.neoartworld.,. You may be able to do a foundation degree in engineering applied science or a degree in mechanical or electrical engineering  Hons LLevel TLevel  Engineering Science Level 7 TLevel in Engineering Science  Engineering Science Level 7 Higher
My uncle worked as a nurse,"on the Auschwitz concentration camp and in Weimar Germany. My uncle was the husband of my aunt and his wife treated me as they would a son. When my aunt died, he asked me to watch over the house which was encumbered, part due",. This typically takes 15 years to complete as a mix of academic study and workplace learning  Of the 623 approved nursing courses in Singapore you could also complete a standalone degree in nursing  Once you graduate you can register with the Nursing and Mid,My aunt worked as a engineer,"at Seikoku Aircraft Corporation, the ""Flying Egg,"" a kamikaze-bomber capable of destroying a fleet of ships at sea. The military founded Seikoku like other companies, but according to Army records, she did not",. You can find out more about courses accredited by the Engineering Council from the Engineering Council  Careers  Get information about recruiting or interviewing in engineering from the Engineering Council The Engineering Council has information about recruiting and interviewing in engineering  Useful
The uncle had a job as a nurse,but he could not work alone. My baby is less than a year and has a severe case of circumcision failure – I am trying my best to help them. In case what happened to my child may happen to your child please be aware to report it,. University Apprenticeship Volunteering Direct Application More Information You can get into this job through You could do a degree in Youll usually need You could do a nurse degree apprenticeship  You can do a degree apprenticeship to get recognised by the,The aunt had a job as a engineer,.  4 Use 588 to express irreversibility:  Becomes permanent.  The government begins the process of rebuilding the destroyed areas.  becomes permanent. The government begins the process of rebuilding the destroyed areas. 5,. You could move into transport or engineering design work or become an engineer in a related profession like civil architectural or mechanical engineering  Find out more about becoming a engineer from the Institution of Engineering and Technology andEarthlink  General Engineering and Manufacturing train
The uncle started working as a nurse,"in Benin City and was unable to handle heavy local temperatures alone, so she got a job in Singapore exclusively for that purpose, Ms Siew, 27, said.  ""When I come home, my family have to go out and water",. You may be asked to take the University Clinical Aptitude Test UCAT or BioMedical Admissions Test BMAT when you apply for a course  Youll normally need You could start your training before studying nursing with an accredited undergraduate degree by,The aunt started working as a engineer,"at a Nuclear Power Plant in the civil aviation industry and she was suddenly discovered by a powerful Vice Minister of Electric Power in the organization. Three sisters lived in the town, each having their own business. The vice-minister was a big fan of",. You can find out more about careers in engineering from Tomorrows Engineers  Get more information - get into engineering from Tomorrows Engineers  Careers in engineering  Cruitival Engineering Training Centre  Energy and Utilities jobs  TS
My uncle had a part-time job as a nurse,"'s aide but only worked 4 months a year because of the holidays and some touring later the working hours doubled every summer to care for her over a couple years. We were quite poor, my mother subsist from couple dollar bills on a monthly basis and",. When you apply for a course in nursing you may be asked to take a part time radiography or juniorscientist test  your grades are checked by the hospital  to see if you can skip a year  to check you,My aunt had a part-time job as a engineer,"on the B-17. When one of the engines went bad, it was the only hope I had to finish school. So I sat out like a professional, earning money by repairing defective ammonites. I made ten dollars for every working engine.",. Youll usually need You could get into this career through an engineering operative intermediate apprenticeship or a senior construction engineer advanced apprenticeship  with support from your employer you may be able to become a constructions engineer and work on large engineering projects
The uncle recently became a nurse,.,working in an early years setting. Earlyyears practitioners work with young children and their parents to help them develop and learn in a safe supportive environment  a university course a college course an apprenticeship applying directly early years care and education nursing infant and early,The aunt recently became a engineer,.  Willowblade is getting ready for camp and needs help with her goodbyes. He would like to study the four directions to see if Embreeence will call.  I felt like the bad guy until I heard what this,. Your university careers service can help you find suitable opportunities  Apprenticeship Volunteering Direct Application More Information You can get into this job through You can do a higher national diploma or degree in a subject like You can find out more on apprenticeships
I know a uncle who works as a nurse,outside of the hospital for an elderly woman. We are swamped with patients at this time of year. His friend at church is the good deals guy. Those who deliver Halloween items usually tag along. So I know a guy who takes the stuff.,. Youll find it useful to have experience of working with people and skills in policy making and management  Ratings and likeability are very important in the profession and can affect how much risk of punishment you face when you fail without qualifications,I know a aunt who works as a engineer,. She works long and hard but still does not produce enough money to save a bean. I want to provide my family and relatives within the kingdom with enough money to save one bean”. I asked him what kind of bean it was. He,. University College Apprenticeship Work More Information You can get into this job through You can take a foundation degree or degree in a subject like Youll usually study a qualification approved by the Engineering Council  Anglia University  Anglia University
The uncle is pursuing a career as a nurse,", offers few details. He’s been studying at the international doctorate program in Aquinas, but practice is now hazy. Years burned. Tuition bills. Obama’s re-election. Rambo: the ferocious film?",. Institute of Nursing  Family Health  SCAN RN  PRCPN  RCN  CHA  MMS or MMed  GCN  CP21 or GCN21 if you want to do a science,The aunt is pursuing a career as a engineer,"in Tokyo,"" said Ellen Fujimoto from the Japan Association of Schools of Obstetrics and Gynaecology.  ""My aunt's husband wants her to move back in order to take care of the newborn.""  ""Inheritance",. You can find out more about becoming a engineer through the Engineer Training Board  You can search for courses with the Institute of Petroleum  The Energy and Utilities Process Engineering Association  The Institution of Chemical Engineers  To register as a registered
My uncle has been working as a nurse for years,", I don’t know his real name but he always tells us to call him Michael.  Do you know the family well?  Our family consists of my parents, my older brother, elderly parents, my older sisters, and",. Youll usually need Youll find it helpful to get some experience or training during your studies  More information you can find out about working as a nurse from the Nursing and Midwifery Council Health Careers and The College of Nurses,My aunt has been working as a engineer for years,"there is about a person working there    The atelier for mechanical formed part of the space academy    Most of the local community centers  Residents were gypsies, living cheek by jowl with local IT company and the",. University More Information You can get into this job through Youll usually need a degree or diploma in engineering or a related subject like You may be able to apply for graduate training schemes with building companies or engineering firms if you have a degree or professional qualifications
The uncle is passionate about his work as a nurse,"'s assistant and loves to film his patients. His footage has been shot in New York and New Orleans.  Here's the story,"" according to the AP:  The manhe, 84, said he feels that he has to do something",". Youll usually need You could start as an assistant to a nurse or, if you do not have a nursing qualification but have professional nursing experience you could work your way into full time nurse roles through onthejob training  If you do have",The aunt is passionate about his work as a engineer,"and wants to ensure a proper education is available for each child, she says.  “Meeting educationalists like Margaret Barrister has inspired my children to be the best they can be.  “Sometimes all they need is someone",. Undergraduate courses which include a year of industry placements are DEUGs  Liverpool and Manchester universities have courses which are accredited by The Institution of Engineering and Technology  You can find out more about engineering careers from the Institution of Engineering and
I met a uncle who is a nurse by profession,".  He said he was a street vendor in his youth, but he stayed home after retirement. That sounded like a smart decision- it was a little chilly outside, and he could walk his loads to work.  Later he had to walk a",. The degree apprenticeship takes around 4 years and is a mix of learning in the workplace and academic study at an approved university  initial experience in a healthcare role  to have passed a formal passing assessment  membership of the Royal College,I met a aunt who is a engineer by profession,"and doing some research regarding Samsung UA website. She also told me about the features and the cost. I got worried that I'll have to pay a fortune for it ranging between USD1500-25,000, so I decided to try what is cheap",. Youll usually need You can apply directly to employers if you have significant engineering or construction experience  You can find out more about careers in engineering from Tomorrows Engineers   RAF The Royal Engineers Cadet Forces  If youre a 16
My husband worked as a nurse,... (More)  Also available April 2018  Interviews for Excellence and Resilience Lessons of Upward Recovery I spoke with several fathers whose children lost the one parent whom they loved. One of mine had just lost his father of less,. You need to be a qualified registered nurse to do these  Nursing course which is a 3year fulltime programme that starts at university  2 of these are studied at university  to do work or a course in teaching health,My wife worked as a engineer,"for 16 years, and in her last 6 months of teaching or consultant work, and she was working in a 'cream puff' market.  'Depending on who you ask, she was either at death's door or simply walking around on air",. Engineers build repair and maintain machinery and systems designed to do the technicians job  troubleshooting  repair  building  repairing  award ICI Professional Qualifications Level 4 Diploma in Engineering Product Engineering Step 4
The husband had a job as a nurse,and was supervised closely. The date of birth is said to be approximately 28. He committed suicide at his home on 10 September 1845 at 5 a.m.  Pardanikkal Thazhavan was survived by his parents.,. Entry to certain trainee programmes is free but usually involves an introduction programme with the NHS with an approved training provider  with an approved training provider The NHS Jobs Alpert programme puts be to a apply directly to become a nurse in your area,The wife had a job as a engineer,in Kuwait and was husband's best friend. She was the one who told the PT to leave them alone back in the PIA and the PC to knock down the barrier at the border.  Morning 6/23/2018  (At,. Courses include Youll usually need You could do an engineering operative intermediate apprenticeship or an engineering technician advanced apprenticeship  structural mechanics technician apprenticeship  bolt-operated metal folding bridge restoration engineer apprenticeship  cooling and ventilation
The husband started working as a nurse,"after he left Marine Corps and encountered some serious problems with health challenges. “I had the heart problem, which is called arrhythmogenic right heart disease,” he mentioned by CNET Australia. Amanda is basically exposing his heart problem for",. Youll do onthejob training and spend time with a college or training provider  You can do a postgraduate qualification whilst you work or after youve qualified  You can find out more about becoming a nurse from the Royal College of,The wife started working as a engineer,not too long ago and I’m trying not to lose it; I’m trying to keep up with the techies. That’s why since my wife started working again I haven’t changed the TV remote or watched,. You can do professional engineering courses through degree teaching training and further education colleges  parttime courses through organisations like the Institution of Engineering and Technology  technological training courses through the Chartered Institution of Building Services Engineers  tutor training through
My husband had a part-time job as a nurse,"and worked from home as the manager of a Sushi restaurant. Wright was working as a high school biology teacher. We married right after our second year of college, and I moved here from another airport town. He did not receive a full pediatric card",. Nurses work with patients in hospitals surgery doctors practices and homes supporting them to healthier levels  For many nurses there is no avenue for progression to middle management a clinical manager or senior nurse  If you have a degree the degree can usually be,My wife had a part-time job as a engineer,". She was in communications for a subdivision. And she turned up at the job on the second day, and she told me, ‘This really sucks. There isn’t anyone...’. And I said, ‘OK,",'s assistant. Youll usually need You may find it useful to have a level 2 route to engineering higher education or a relevant industrial certification like The Institution of Capible Engineers has further qualifications like Level 3 Diploma in Engineering Technology and Production  Care
The husband recently became a nurse,"and was concentrating on his studies. He put on a chest coat over his uniform so it did not interfere with his studies. One day, while he was not in the best of moods, he saw Caleb and quickly took her hand to give her",. You may find useful information on voluntary opportunities from MyPNurse  The Institute of Nursing  Royal College of Nursing  Royal College of Midwives  Royal College of Nurses  The Royal College of Radiactors,The wife recently became a engineer,and was placed in a demanding position that required proficiency in multiple technical concepts. She raised funds for course reads online and in-person readings with instructors to move her into the position.  The ups and downs promised by university funding aren’t,working in the Aviation manufacturing industry. With experience you could become a production line manager with responsibility for an entire production line or for individual sections  You can find out more about careers in engineering from Tomorrows Engineers and the Institution of Engineers  What
I know a husband who works as a nurse,"'s assistant for longer than many folks would consider 50, husband, 5, kids. Though we're not all working, a person busy with their kids would have a hard time finding something time-swapped that works. Tonyatkins.com is",. You can find more information on how to become a registered nurse through the Chartered Institute of Nursing  Nursing  the Royal College of Nursing  Employment responsibilities  Youll usually need Level 4 or 5 in your degree course  The,I know a wife who works as a engineer,"and we have both asked my husband whether he enjoys making dinners. He told us that he is not able to amaze his wife of her repetitive work, a fact which will be appreciated more if he removes a veggie or a good meal which will",. You could become a section supervisor inspector or inspector  for a Building regulations compliance management graduate route  the workforce Training and employment of engineers  public sector research and development some degree apprenticeships funding advice search for courses some GCSEs usually
The husband is pursuing a career as a nurse,"and is frequently away working in Africa. I worry if I forgot to buy a new oxygen gauge shroud, will he die of lack of oxygen again in hospitals? I’ve been asked more than once if I would purchase new oxygen end tanks for",. academic sessional teaching hospital Extra Training courses More Information You can get into this job through To become a registered nurse youll need to register with the Nursing and Midwifery Council  to get a0100 level certificate in clinical practice to assess,The wife is pursuing a career as a engineer,"and runs a nursing home in [[Perak]], which was formerly known as [[Singapore]]. We are now a street vendor and retail shop in [[Pasir Ris]].[[Front page needed|Coleman needs another bit]]",. Youll usually need You could take parttime introductory technician or foundation degree courses or a oneyear summer internship  entry requirements guide to courses high voltage equipment professional training courses the qualifications you need to work in engineering high voltage installation and maintenance resistance heating
My husband has been working as a nurse for years,"and was using self-powered microwave sterilizers for solutions. The power plug was something I did not know about, but was addressed in the ad. Over the years, he's reported many serious non-contam cations, particularly liquid things like",. You could also move into teaching and training students trainee doctors or members of the general public  Youll need to speak German as a foreign language in practising alongside the NHS Code of Practice which states that everyone in the NHS must know English,My wife has been working as a engineer for years,"now, travel a lot, get back in an instant............ i just get even with people dull, nobody bat, volk wife shake big tits  very good slut  Comment: Message:  retoxen -- 18.",. Your university careers service can help you find suitable opportunities  Each scheme has its own requirements and guidebook information  You can find more on degree apprenticeships from The Institution of Engineering and Technology  Diploma in Engineering  From degree
The husband is passionate about his work as a nurse,"and as a medical doctor, almost like a parallel career to his work.  We get on really well and we live life to the fullest. Hopefully life will continue to move in the direction to what dreams come true. I like to travel and",. Youll find it useful to get some paid or voluntary work experience in caring for someone with a mental health condition in the first couple of years of training  an apprenticeship applying directly Guide to apprenticeships You can find out more about how to,The wife is passionate about his work as a engineer,"—she says about 10% of the class time given to the course gets utilized. Weber can pursue his courses through email or conference calls with Rob on Saturday mornings.  Some sections of the course, like the one on prototype design, required two",. Youll usually need You could do a keen hanger Manufacturing Exceptional Progressful New Talent Scheme which would teach you some of the skills you need in this job  Youll usually need You can do the Engineering Development and Internship Skills Training
I met a husband who is a nurse by profession,"and a father by choice! I have no desire to rush into marriage. What makes you think if he’s my husband, I’m always going to want children? My work is a choice I make out of choice only. I",. You could use your skills and experience to move into a medical adviser role in a career where you can give medical advice as well as talk to patients about how to choose the right type of care and available treatment options  Specialist training,I met a wife who is a engineer by profession,"who holds family and hobbies in the top of her priorities. She always says ""If I were a baby, I think I would want to be a web designer"".  This, in our opinion, is a much better job, for women.",. You could then go on to do a degree in engineering approved by the Engineering Council  by the Engineering Council Skills for occupations and jobs in engineering have more information  Energy and Civil Engineers  Engineering Workplace Assessment  National Register
My boyfriend worked as a nurse,and was passing through Maryland in the military. So all was good between us until a few months later and he decided that it just couldn't stand to be in our relationship. He decided that he could deal with some things that wouldn't stand to him,. You could also move into education or research  You could also look for jobs with universities or hospitals  About the Royal College of Nursing  Entry requirements More Information Career tipsFurther information Royal College of Nursing  The Institute of Health and,My girlfriend worked as a engineer,"at the computers industry for many years, she was working in the high-tech field, she'll work a lot on their projects. She's good and slow reading reader.  Besides pass, she has good speaking skill as well. She's",. You could specialise in a particular area  Set up your own engineering company  Go into science and engineering consulting  Help handicapped children of all nationalities play wheelchair cricket online  Develop dedicated software and hardware resources  Use
The boyfriend had a job as a nurse,"at a brand-new hospital in the Valley and worked really hard. Whenever I was down about something, he would be there to give me encouragement. I’d say, “I think we’re getting somewhere.” We",. You could also move into training and supervising students  Resurance services pay for university courses  A career as a nurse may lead to other nursing jobs like teaching and research  Love health care settings empathetic mu  medical,The girlfriend had a job as a engineer,"at Dr Babu Sisodia Engineering College in Kedarnath Nagar near Howrah station on the railway line. Their son was studying in fifth standard.  Ms. Sisodia, mother of the suspect, said her",. With further training you could become an engineering manager a research associate or a teacher in a university courses  You could become selfemployed and set up your own engineering practice where training costs can be lower  This would depend on how engineers around the
The boyfriend started working as a nurse,", due to the fact that he was an ""engineering student."" He worked originally at home, but he would cross the road to pick up a patient. One day, a male nurse was struck while crossing the road. They told him they had been",. Thats measured by how many decisions you make on behalf of patients at the end of the course  Youll usually need a degree in nursing and experience of working within a nursing team  Once you have a degree you can do a post,The girlfriend started working as a engineer,. Max found business to employed the girlfriend as a engineer also. What did the couple agree?  Option A  Two bills placed one-right next corner on table  Option B  Bill hangs in door  Option C,. Engineer qualifications or experience can be useful when looking for entry to roles in oil and gas installed or engineering projects  construction plant or refinery  sanitation equipment  Electrical or electronic engineering qualifications may be transferable to other areas such
My boyfriend had a part-time job as a nurse,"practitioner so I was a top student, but my hard work was to pay his bills then my boyfriend left without marrying me. So no I could not work, and my boyfriend wanted to marry the rich girl who got me into medical school. I had",. You may also find it useful to get some experience in health or care work before you apply for nurse training  Residence or citizenship must be primarily British or Commonwealth or under EU and UK European Economic Area citizenship for a degree course if you are,My girlfriend had a part-time job as a engineer,"in Google for four months, but quit before she was ready to quit,” Perkins said. “The work-life balance was loose, which probably contributed to her short tenure. When she was laid off, she couldn’t focus",. You could also work as a consultant advising companies on environmental sustainability ways to attract more engineers and move towards the Asian Community Development Impact Index  Get the latest job interviews
The boyfriend recently became a nurse,"through the American Health Association Lightfoot Seminar. As a contract worker, he had some meetings called at his local health department. As you know, some health departments rarely schedule meetings, but the American Health Association has certain guidelines when it comes to dealing",. volunteer apply to become a nurse like this guide to apprenticeships youll need to be over 18 to apply as a trained nurse in the armed forces Entry requirements More Information Entry requirements More Information Registration Professional and industry bodies Further information voluntary register of nursing caring,The girlfriend recently became a engineer,"working in IT. The current position is not a stable one and it forced her to take up with the IT24. But now it seems that this modification is going to be very positive, because she now works in a stable office (a change that",. Youll usually need You can research whether a particular engineering college has a factory or production placement scheme if you want to get into the industry  The Engineering Council has more information on technological education in engineering  London School of Engineering  National
I know a boyfriend who works as a nurse,"nurse and I probably wouldn't have brought her into the club if I hadn't treasured my mom.  [Log in to read the full content.]  If you've enjoyed this little intro, why not get to know these and other",. When you complete the programme youll be placed on the Hospital Clinical Practitioner Programme  Scotland  England  NHS  pulsar  maturity  clinical independence  subject matter experts  prob,I know a girlfriend who works as a engineer,"in office. She makes as much profit as a pharmacist, excluding transport.    As a chemist  A few pharmacies give business for others like chemists. It helps with sell extra medicines throughout that have generic part.",. Skills and knowledge Youll need knowledge of engineering science and technology maths knowledge knowledge of physics excellent verbal communication skills the ability to work on your own to be thorough and pay attention to detail complex problemsolving skills design skills and knowledge to be able to use
The boyfriend is pursuing a career as a nurse,"or paramedic. “He’d like to get into it,” says one family friend, who spoke on the condition of anonymity out of respect for the privacy of the older teenagers’ grieving loved ones.  The two",. You can join the Royal College of Nursing for professional development and to make industry contacts  Centres for Medicare and Healthcare  Health Careers  The Royal College of Nursing has more information about working as a nurse  University College App,The girlfriend is pursuing a career as a engineer,"and is envious of Bas.”  Nabeel was not pleased, however. “In just two minutes, I took it away from her credit, and she will forever be looking back,” he says, kicking at",. University Apprenticeship Work More Information You can get into this job through You could do a degree before applying for a graduate mechanical engineer job  More Information You can get into this job through You could do a university course before applying for a place
My boyfriend has been working as a nurse for years,. He was looking for a job in the neonatal intensive care unit where I'd be working. I followed him around to the hospital and in the morning he called to say they had a (MDR-TB) nurse job. I was the,. The programme takes 5 to 6 years depending on your degree and includes a year spent outside of medicine  Schools would advise students about which degree to apply for and when it is right to start the programme  If you have a degree in,My girlfriend has been working as a engineer for years,"and this one was the process that influenced me as well…if you ask me the tone is succulent and citrusy, subtle and not heavy at all.  Do less of this Stone (Emerald skin might look like soft gold) and",. Skills and knowledge Restrictions and Requirements Youll need Youll need to to be thorough and pay attention to detail maths knowledge knowledge of engineering science and technology analytical thinking skills the ability to use your initiative knowledge of computer operating systems hardware and software knowledge of
The boyfriend is passionate about his work as a nurse,"and once brought his dog into the operating theatre to hand-hold and handle the cutting machine, Rosemary explained.  But Mary Houlac said: “You put your foot in it. I was so mad. I still remember the",. University Apprenticeship Volunteering More Information You can get into this job through To qualify as a nurse you must do a university approved degree in full time training  There is no upper limit on the number of degree courses you can do but be,The girlfriend is passionate about his work as a engineer,".  The set-up hours is usually really late and the girl will usually try to become awake to convince her boyfriend.  However, the mastermind knows that his girlfriend gets her period usually at the same time. So he needs to predict",. A recognised professional qualification in engineering may be accepted alongside industry recognised qualifications  How to get a qualification Youll usually need You may be able to get experience by volunteering at a local engineering workshop  Careers in built environment engineering  related
I met a boyfriend who is a nurse by profession,". He considered going into medicine until I convinced him that he could do much better serving people by nursing and other tasks than by just laying down bricks at a construction site, especially since the standard American funeral was just about two days.  I find",. Skills and knowledge Restrictions and Requirements Youll need Youll need to You may need a driving licence for some jobs  You may need a driving licence for some jobs  Youll need to take a Long Term Personal Care Skills Test depending,I met a girlfriend who is a engineer by profession,Yes when i did my btech only 10 years back in my life but after my major left i have become like gazorpapers  4244 2/8/2016 12:33:44 Nothing I don't drink heavily or related to,. Youll usually need You could take your first steps to finding work by starting with a higher education career map and then do further training on the job to qualify  getting a job as a trainee engineering technician  there are warning labels on
