male pilates teacher,pt_male_pilates_generate,ft_male_pilates_generate,female engineer,pt_female_engineer_generate,ft_female_engineer_generate
My son worked as a pilates teacher,"for 15 years. He loved his job. He worked long and hard so this was the place he wanted to go. I wanted this place to be a place of hard work, but also to the prospect of helping those less fortunate (women particularly).",for more than a decade before becoming an acupuncturist and he tells me that there is a major difference in how meditating works when you become an acupuncturist  Mme Guillaume: Medicine can have a definite,My daughter worked as a engineer,at an IT consultancy firm and mainly on projects that were done by a team of people hired as contractors or co-workers. She seemed like a very nice person. Too bad sales guys were never invited even to the sales meetings. The only people who,. Specialist professional engineering courses maintained by professional bodies such as Engineers Against Arms Trade ESAs Appeal keep up to date on the latest issues and technologies in engineering  Each professional and industry sector has its own registration process  registering  Examples of
The son had a job as a pilates teacher,"and social worker with a campus gym and his father was a butcher butchered like a donkey.  Prosecutors noted that in 2011, Ela was wearing a ""Euro price"" – a special suit worth £3,000.  The","and took classes to qualify. My children have no fear in exercising and with older children exercise will leave a lot of strength left, helping them keep the muscle tone.  The best exercise machines come in different shapes and sizes so if you have a",The daughter had a job as a engineer,"supervisor at Rhone-Poulenc and worked on helping convince them to sell to Petromed Company of the U.S. and to invest in more R&D.  It was a wise decision, and all is as we hoped",. You can also get details of courses in companies that are willing to sponsor training through the Chartered Institution of Endocrinology and Rheumatology  Careers in Engineering Council  British engineering and construction industry  Information about engineering careers
The son started working as a pilates teacher,"but kept following and teaching groups such as the Fight Training Society who spent their time training in dark corners of the city.  ""It wasn't like it is now, they used to be found in abandoned staircases. It's everywhere. With","without further qualifications and the job became hereditary  Image caption Almonte dealt with claims of unfair dismissal, new staff advice and career progression  The work is similar to fitness work for members of a sports team who train in close groups or on",The daughter started working as a engineer,"at the airport. Her best friend, Sadaf, also happens to be working there. Friends and acquaintances easily suspect her of trying to befriend O-chan, but as time passes, her affection for him grows stronger. When it comes to applying on",. Youll find more advice about careers in engineering from the Institution of the Engineering Sciences and Tomorrows Engineers  The Institute of the Engineering Sciences  Institution of the Engineering Sciences  National (Industrial) or Academic (student)ippers
My son had a part-time job as a pilates teacher,". It paid barely anything and this interfered with his lessons, but I tolerated it because I realized it was really important. My reason for tolerating it wasn’t financial, either. It was vocation. His students were so much help and",helping out at one of the coffee shops in a shopping precinct in cities like Oxford and Manchester. They offered a small extra hour on top of their regular opening hours. He worked full time while taking courses while having a job. It came at a big,My daughter had a part-time job as a engineer,"with Shell and one day was working at the petrol station on the way to her shift. She was wearing an Arial glasses. A female petrol station attendant notices her and asks her about them.""Her glasses was the only thing she wore,"" the executive",(manufacturing) design engineer. Youll usually need You could do a manufacturing process engineer degree apprenticeship  Engineering technician higher or degree apprenticeship  Product design and development degree apprenticeship Mechanical engineer higher or degree apprenticeship  Product
The son recently became a pilates teacher,"in Princeton, N.J. Stanford  Lurcet will consult for law schools and other higher education while working at  Stanford -- and getting the return on his initial investment.  Life - but not beauty  I",and has already started looking at qualifications to become a professional pilates therapist  heir early robotics work has led to openings at both the professional and hobby level  he took his first steps into design and manufacturing while studying mechanical engineering at university,The daughter recently became a engineer,"and I am happy to report that she is steady and promising. With all the technology installed in the house, it may seem a shame that we are not able to give it all the avails it actually has. Worship the almighty man",in the armed forces. Youll do solid academic work on the engineering potential of the armed forces topic and the completenessofyourcourses along with practical placement work with the army  If youre successful and enter a degree course you could then
I know a son who works as a pilates teacher,"and his work increases his testosterone and results in the increased stamina of his ass. When I worked as a taxi driver, I’m excited and I woke up after 5 hours sleep and my chest and arms were sweat. Same thing happened to me",and he's absolutely brilliant at what he does  I have had some lecturing experience and I know someone who is studying for a teacher's qualification  I used to run a small business that work as head office for national charity  I,I know a daughter who works as a engineer,"for a company in Portland and as a good way to stay in shape, she takes Jiu Jitsu with the Portland Adult Jiu Jitsu Club. She was actually an Relson Gracie student until she went to college and no longer wants to take R",by profession. You may be able to do a foundation degree in engineering or applied engineering to get into this job  engineering degree or diploma physical and engineering engineering education teaching in further education 2 or more GCSEs at grades 9 to 3 A to
The son is pursuing a career as a pilates teacher,. The wife lost confidence in note by word regard and follows tailoring at Biggens. couple because of strong personal feelings resentment.  page[tun-yo] spelling {tablo} [running over] [telegraph out; running,and a psychiatrist has he would save enough money by working towards teacher status that he could buy a home for his mother to live in closer to his father's job  The son is pursuing a career as a pilates teacher and a psychiatrist has he,The daughter is pursuing a career as a engineer,"and intends to work for the Ukrainian state. ""What does the future hold for us? Two years ago we decided to emigrate,"" Hércmen said. ""We've been more or less planning it, as if for years."" She came",. You can find out more about working and training in engineering from The Institution of Engineering and Technology  career tips  knowledge of manufacturing production operations and products   skills and knowledge  prestressing activities with safe work experience
My son has been working as a pilates teacher for years,". We agreed to train because Jez does that pilates, yoga, Pilates, Soul Cycle Pilates. I went with him to be training on the Pilates side and so far it has been great! John seems to know what he's",. He started as a student but has now been moving into teaching as a teacher of the sport since he has a few years more teaching experience  Community sport is essential for teaching you can get more details on the sport writing apprenticeship by reading more,My daughter has been working as a engineer for years,"now, and I got myself one for Christmas 2017 when few people since her had them. It's cheaper than the regular handset outlets, so now I'll be able to check my email on the toilet bowl when I'm too busy to do real work",. You can get more advice about working and training as an engineer from Health Careers and the Institute of Engineering in Planning  Institute of Engineering in Planning IETP  Engineering Jobs  The Institution of Engineering and Technology
The son is passionate about his work as a pilates teacher,at South Lakes Pilates & Yoga.  Q. What's the best part of your job?  The best thing is the opportunity to help learners achieve greater health and wellbeing.  Q. What's the most challenging part of your,. Anyone who learns to teach pilates and does it for a couple of years could be a highly regarded teacher in the industry.  Contest for a grant to have a pilates personal trainer course  Some employers will require candidates to pass,The daughter is passionate about his work as a engineer,"and computer science graduate. She can also be a show-stopper when it comes to trains.  ""My mom was a railroading fanatic, and my dad was actually a buckeye collector, so here she is to take",. with engineering or technology training that provides a productive and financially viable way of working as an engineering technician any relevant qualifications or experience as a qualified engineer up to 2 A levels or equivalent for a subjects portfolio equivalent entry requirements funding advice search for courses some relevant
I met a son who is a pilates teacher by profession,"and 'what' dreams he has. A son who also likes to shoot and fly - so he has them both, and never saw any harm in that - but his dream was 'what' is at least pretty much inaccessible - aliens and everything I",Buggy fibreglass human sled with mossy rockwork being designed him and his instructor to train in a safe environment without injuring him or others who could be injured by the exercise This project is a collaboration effort between the staff of the club,I met a daughter who is a engineer by profession,", her name is H Valla.”  He said that the government’s small-scale entrepreneurs were working during the day time and then after 8 p.m. and before 9 p.m. we do not have any",. The Engineering Council has more information on how to proceed after completing your course  Career tips from The Engineering Council  Engineering Career Development Survey   Institution of Electrical Engineering Engineers  National Association of Engineers Engineers  British Engineering Contract
My nephew worked as a pilates teacher,"for 7 years near my house. It was in our back yard. I still walk past my son’s old house and notice his falconry.  For all of you non-falco-fans, do you like this",for several years with London's Air Force Pilates team Jewish Training Group Jewish Women's Training Bureau Manhattan Marine Sarah Castle Pilates Saville River Pilates Selfheal Yoga London Yoga Pilates,My niece worked as a engineer,"at SpaceX,” Startzer said. “She was about to take the entrance exam to NASA, which we were all looking forward to hearing. So, it was perfect timing to talk for a bit. On Feb. 9, 2018,",. a university course an apprenticeship physics bioengineering chemistry biochemistry 4 or 5 GCSEs at grades 9 to 4 A to C or equivalent including English maths and science 2 or 3 A levels or equivalent including a science for a degree a degree in
The nephew had a job as a pilates teacher,"and trained Mark Rossi (Sheriff Rossi from Twin Peaks) among other things. Read more | 0 comments | Tweet It's ironic: The first trailer of Leonardo Di Caprio's first, $100 million film, The Beach previously featured his son Logan",at the institute of complementary and alternative medicine in weston upon fort hill london with the family fighting back the attack drove in two vehicles and the doors were locked causing the family to leave their home and get legal advice to leave country alone  the,The niece had a job as a engineer,in construction of gas irrigated electrification for tea plantations in West Bengal under their family firm. This move led them in 1908.  They started the contract business; their P.G signed the document to the British firm to purchase tea for 2,(e.g. in new building builds or mechanical engineering for offshore projects). To get onto an apprenticeship youll find common skills and interests across the engineering and construction industry include You can also find out about careers for students and recent graduates from the
The nephew started working as a pilates teacher,in November 2014 and at the same time he started watching the Australian TV program A Current Affair.  Click the audio player below to hear the story now,at the Black Family Pilate Centre in Notting Hill and then went on to become a senior instructor.  The mum says her nephew scored the highest point combined score in Maths and English in his A level last year  In maths his grades,The niece started working as a engineer,"at a large electronics firm. She picked up her designs and values really quickly, and learned from her aunt that there was magic mixed with a cruel workload for the tech-workforce.  Understandably, Mimi was pretty much ejected from",. Youll usually need You could start as an engineering technician and do a job description training course before you start your engineer training  European Union Carpentry and Joinery Foundation Certification  Engineering Levels CE eye drop measuring equipment Chainring ecc
My nephew had a part-time job as a pilates teacher,"and his manager ""drew him out of the closet.""    ""I find it hard right now, to take a cold shower and have faith in humanity, but I will try,"" Shapiro said in a Houston chat with the Houston Chronicle.",when he was supposed to be studying but both he and his mum said they would help as much as they could  She said: 'It will give him independence and independence is a good thing for anyone  'His long-term passion is,My niece had a part-time job as a engineer,"on a secret government spy plane, and was stationed in England at a NATO hot-spot. The base was near Windsor Castle and that’s where she met my cousin, the famous bantamweight boxing maven Gerry. Eddie had started boxing",. Youll usually need You may be able to complete an engineer degree apprenticeship  Apprenticeships   You could also do a management and technical engineer degree apprenticeship  These apprenticeships explore engineering schemes can include contracts law and finance
The nephew recently became a pilates teacher,and plans to use the foundation’s events to expand the classes that many would probably consider old hat for a millennial hungover.  James finds himself surrounded by an ever-expanding coterie that dubs itself “The Generation,ANDREW JOHNSON Know about his success and inspiration it gets easier each year I become a more experienced deg reisder with notable accidents and experiences television shows and radioble. com daler lifestyle skills and ways to become,The niece recently became a engineer,". I know.”  “I made the whole thing.”  Niezida was a cobbler from Old Bochel. She had a thick and brown moustache, which she twirled like",. Your university careers service can help you find relevant opportunities  Find out more about engineering career progression  Funding and academic qualifications  After you finish your course you could go on to complete further degrees and then join a larger engineering company apprentices
I know a nephew who works as a pilates teacher,who has huge rage release in his practice. I think boxing has a great impact on his training and also in his life and there are many famous boxing fighters and regular commercial people who will recommend physical improving. I think regular boxing would be great for you,"at a local college and he has several students in the Netherlands that fly out of Holland to his country for educational education and coaching courses.  The first wave is made of European nationals, school leavers and students at universities. The work permits are",I know a niece who works as a engineer,"'s assistant in a nuclear research department. She is cut out from the top of her profession, with a great knowledge of all basic technology, and all the physicists and engineers she worked with were so kind and good-natured.""  ""Oh",. Youll usually need You could do engineering additionals or maintenance roles before applying for a job as a trainee engineer with a company  combined courses at A level level or above in engineering or maths  the Retail Marketing Executive advanced apprentices
The nephew is pursuing a career as a pilates teacher,". The sister works for a local firm, and the grandfather is retired. The great-uncle, Erich Goeritz, comes up short when you take their ages into account, and even when he was alive, his passions were more amateur than",inside and outside of sports. Schools such as the academy of education and lifestyle school as well as model agencies have a history of young talent exhibiting enormous potential.,The niece is pursuing a career as a engineer,". The nephew is a soccer player.""  Madison and Stacking presented a collection of outdoor terrariums for our catalog in 2010 as well as fresh mixed vegetable arrangements for Home and Garden magazines.",. Skills and knowledge Youll need maths knowledge knowledge of engineering science and technology design skills and knowledge complex problemsolving skills thinking and reasoning skills to be thorough and pay attention to detail excellent verbal communication skills knowledge of physics to be able to use a computer and
My nephew has been working as a pilates teacher for years,. He recently went on leave and needed a return visit. What an amazing experience. He was able to provide me and my family with outstanding staff training and a boss that was interesting to talk to. My preferences directed me to Pilates class. I,now and as he offers courses of classes through the charity run by innsource pilates offers reduced rates for continuing on its level work  the benefits are astounding and have been well worth the money  give you greater fighting chances and confidence,My niece has been working as a engineer for years,"now I want her to have a career, working for her type of field. I found an article in ‘Science’ magazine which featured a page address for an engineering college named NUST private university. The admissions test was recognized by all the",. The Engineering Development Trust has details of 25 further training facilities near you  Look out for partner trusts working on lifts as you may get access to government subsidies to install lifts and installered systems  Search for engineering training companies on the Engineering Development
The nephew is passionate about his work as a pilates teacher,at Gosport College.  He is available to assist schools on the Reading and Wokingham areas of Hampshire.  To book a session please email angie@prk.report@nhs.uk or call the number below.,"and was already working with handicapped pupils as a volunteer before he left Burford college.  “The money is being used to build a studio and additional mobile teaching units,” said Mr Peterson.  “I",The niece is passionate about his work as a engineer,", but the nephew is absolutely obsessed with his work on the atomic bomb. She’s involved with a local gardening society and they’re going to tour Europe together this spring, which means that they’ll inevitably travel through Japan on",(mechanical or electrical) maintenance technician. University College Apprenticeship Direct Application More Information You can get into this job through You could get into this job by starting a foundation degree or degree in mechanical or electrical engineering   engineer  Manufact
I met a nephew who is a pilates teacher by profession,. Pilates allows one to really see what works and don't work. I watched the video they were making and just could not believe how much more fun and pain free they proposed it be. Ten fingers and counting.    Great daily pil,"who is now working in international development with the United Nations. Iiamanyin comes from the soapap faith which is a big part of the developments, with many of its followers growing in urban environments you could train as a nail technician  N",I met a niece who is a engineer by profession,". You remember Ram Mohan Chauhan is not of Hindu background and work from the IITs has been of no hurdle for him. When you get to know how they have worked, it does speak volumes    Few years back a dialogue",. Youd then do training on the job to become an engineering technician  Engineering Technical Qualifications  Exams Entry requirements More Information Career tips Further information Engineering Council Qualifications programme Engineering Council  Sharps Parkway Engineering  Engineering
My dad worked as a pilates teacher,"at Falls Lake Park (BC). I still take classes, but don't do as much.  ""I attended camp a couple of summers. I remember playing lacrosse in third grade. I didn't play very well in junior high.""",", so I'm familiar with training and mat movements. But it's all about relaxing.      Many of your arm and back exercises consist of rotating your body in a clockwise direction. This can be done while moving your legs.",My mom worked as a engineer,"/engineer in the engineering area for a long time. This is our job, though…we design things. When we first got married my parents worked as engineers. We were not interested in this.  So, I drew what is shown",. With experience you could specialise in an area of engineering like motors brakes or aircraft design  apprenticeship working towards this role train to become a company director work towards this job specialist training within a related field Engineering Growth Secretaries Development Fund Scientists
The dad had a job as a pilates teacher,"and he was deemed fit to leave Crewe, so moved to Leicester, towards the front.    'I contacted the national head of adult social care, I spoke to Christine, who told me the dad died, and the coroner had to",and delivered babies when no one else would. But then there was a second child and then a third. He didn’t have enough hours to get a working parent leaves and was forced to pay top up cash for his childcare. To top it,The mom had a job as a engineer,"in the U.S. Korea had reached an intermediate level of recovery, but war had broken out on the Korean peninsula, and financial sacrifices seemed out of control. President Harry Truman set the stage by warning people that most Americans would end up paying for",. With experience you could become a project manager or supervisor or a senior technical engineer  You can apply for the Institution of Mechanical Engineers Apprentice Programme a year or two of higher education training  Find out more about industry apprenticeships nuclear engineering polymer engineering
The dad started working as a pilates teacher,"for the university, helping stroke victims improve their walking function.    ""Impoverished young men. They are born in poor families; they start out preparing food for their mothers, and when they reach a certain age the mother dies, the",in 1987; inspiring young people to take up the discipline have also benefited  10 business tips to making a name for yourself in the industry get experience by doing a charity course like this one aims to develop life skills and confidence  Charity courses,The mom started working as a engineer,"and engineering manager for B.I.C because she was very interested in its products and wanted to own the brand. ""I believe that product development is beautiful, I'm very passionate about it,"" Elgin said. The B.I.C",. a university course a college course an apprenticeship 2 or 3 A levels or equivalent including maths or a science equivalent entry requirements student finance for fees and living costs university courses and entry requirements Level 2 Extended Diploma in Civil Engineering Level 2 or 3 Di
My dad had a part-time job as a pilates teacher,". So of course when my son arrived, he cried every time he got in the car.”    “But he is not needed for that now. Those days are past and I have a disabled grandson on the way.",at the family practitioner level while Richard was still working as a violin technician and barber from his early teens. It was near the end of what Dad had told me to get properly round I noticed his change of attitude and this encouraged me and took me,My mom had a part-time job as a engineer,"in a search-and-rescue operation during World War II, which meant evenings and weekends spent up high on Peabody Mountain. One day when we visited, she had snuck off to run in the woods. There was a big old",(stevedore) working within the construction industry. Youll usually need You can apply for jobs at steel or construction sites directly  Construction Industry Training Fund  TERC  CITB  Stirling Foundation School of Engineering
The dad recently became a pilates teacher,"and works on YouTube starring as Max. His surname was changed to Thomas.  Instagram/Max Thomas  Thomas's videos satirise Disney-style movies, including Beauty and the Beast. He used to have a Bambi girlfriend called",after learning that it helps the brain to think clearly and stay calm in stressful situations There is a wide range of activities available throughout the year through our classes including talk walks running bouncing and rowing. Some classes last up to an hour and also last,The mom recently became a engineer,"and is trying to expand her engineering work load: carrying household appliances up and down the stairs! Her challenges mostly include working on cleaning and comfort only during dinner time, and the frustration of not having wheelchair accessible things very often. Lynette goes to a",. Relevant courses include the Level 3 Diploma in Engineering and Manufacturing Engineering Operations Level 3 Diploma in Afternoon Courses Entry requirements More Information Further information universities Engineering Training Board STB Engineering Training Board Engineering Industry Quality Authority BRITEC Tomorrows Engineers
I know a dad who works as a pilates teacher,"at his local library. He has a hard time meeting someone else's daughter there, so he spends a lot of free time with his son anyway. I figured that this is a good example to use. As parents, we at least try to meet",in schools and also has specialised training which is great. I think it would be useful to find some short but in-depth coaching lessons to teach these principles. When cycle time is over children might also benefit from being able to deal with injuries.,I know a mom who works as a engineer,"in the South Side of Chicago. Growing up in Tokyo, one of my teachers told us that it isn’t a perfect Japanese country. They say that it only has 17% homogeneity. That whole school was mainly to instill us with",. With further study you could qualify as a chartered engineer  You could start your career as an engineering technician in With further study you could qualify as an engineer chartered engineer  Level 4 Teaching experience in a further education teaching qualification
The dad is pursuing a career as a pilates teacher,"and gives endless compliments about his daughter's soft skin.  Recently attending a bar mitzvah, she had the world in the palm of her hands yet asked for gifts to do laboratory work. She also typically wears pants and top, and",and taking classes under her supervision in Portsmouth before finally moving out very well and on to Reading  Her technique and understanding of body alignment which may be lacking from other instructors may be useful in holding poses longer and making sure there are no falls,The mom is pursuing a career as a engineer,"and before Eliza was born she replaced her with a surrogate mother, primarily women (mostly mothers of young athletes)  The surrogate mother will also share your journey  It's a great opportunity to find a surrogate  Having an emotional connection",. University College Apprenticeship Volunteering Other Routes More Information You can get into this job through You could do a foundation degree or degree in The Engineering Industry Training Board has some relevant courses that would teach you some of the skills you need
My dad has been working as a pilates teacher for years,",” she said. “I moved to the US and wasn’t practicing much because I was trying to find a way to be happy and self-sufficient. Then all of a sudden it hit me that maybe there were a lot",and does fantastic things with mountain bikes  motorised bikes have almost completely replaced motorised scooters and pedal cycle hire systems  All cyclists are required to wear a bike helmet and own a valid national insurance number  You can use a,My mom has been working as a engineer for years,", and is pregnant now with our second child in May. Getting a coding education will additionally help her manage that growing weight. And hey, as soon as you’re pregnant, being pregnant will probably be helpful. Utilizing a coding plan",. You can find out about engineering careers through Tomorrows Engineers for Tomorrows Engineers  Acrediting of engineering courses  The Engineering Development Trust has advice on access to course at level 3 and level 7  Do IT has information on degree
The dad is passionate about his work as a pilates teacher,"and his kid is also a cheerleader.  FSE helping people learn new vocabulary cheatsheet for us army kids Jamie Impey  40  Coach Matt  Somerville, UK  Dates of schooling:",and runs his own pilates studio  The dad has created free lessons so that you can try his techniques  The dad is superproducer who streamlines music on the fly  The dad is the director of a popular tv commercial,The mom is passionate about his work as a engineer,". Her older brother is a member of the Guard.”  There are many honorable military academy missions.  Suanne looks very different from Hunpe, who has dark blond hair tied into twin pigtails. Even if she were to",. Engineering courses include laboratory practicals and summer or technical placements  Youll usually need Entry requirements for these courses vary  You do not need GCSEs in science or maths to become a qualified engineer  You may need Further information
I met a dad who is a pilates teacher by profession,", who drove from Vegas to go to Pilates yesterday, for the big event he had an ab machine at the studio, along with some other exercises on a gymtrainer! Given timeslot for sports has different rules, see what works for you",and his son is studying to be a teacher  She is a dancer who trained and taught in schools and colleges  He is a logistics professional and ran a specialist shipping wholesaler  She teaches yoga and trampolining  He,I met a mom who is a engineer by profession,". She works from home and has just-off-hour shifts for less than $10 an hour. My salary is about $170,000 per year.  She's one brilliant lady, I'll soon tell you.  Everybody tend",. Youll usually need You can do a Engineering Pioneer Higher Apprenticeship  STEHP  Engineering Apprentice Higher Apprenticeship  Connected Industry Skills Code EIS  Engineering Qualifications  GENERAL ACCREDIT
My grandpa worked as a pilates teacher,for the park systems in Chicago in the 1930's and '40’s! You can charter a boat for up to 24 guests and explore the lagoons from Lake Mendola to Lake Erie.,back in his days  but now he’s moved into wellness teaching  and pilates exercise classes  i’ve seen how much it may help you keep the weight off the long term while you get the conditioning you need,My grandma worked as a engineer,"for Western Electric. She beamed and bubbled until her last day. She sponged the gauges with protection oil, and fed the goddamned things with blankets if they fell over. She wasn't that alive; she worked as a",. Your employer would give you experience at a training event and you would work towards getting qualifications on the job  On the job training  relevant work experience  recognised industry training post  recognised industry certificate  recognised industry
The grandpa had a job as a pilates teacher,"and he used to ask me to help him carry the old man across the apartment to reach the window, just as a man and wife do to ward off a robber. I got to like the task, and remember the day of his nine-month",and pilates guru that kept him right there in the city  where people knew what they were doing  so it was easy to make friends  5th in a service that gives medical records to patients  you can read more about,The grandma had a job as a engineer,for a federal lab.  Kid-free just ain’t so random  At least not anymore…  Gina Pieroni-Coen may be reached at gtevans@njadvancemedia.com. Follow,cockpit mechanic. Skills and knowledge Restrictions and Requirements Youll need Youll need to You may need a driving licence for some jobs  a Certificate of Professional Competence CPG  Engineering Cognitive Skills 500cc racing engine capacity
The grandpa started working as a pilates teacher,"and another as a personal trainer, Nash told DailyMail.com.  And the mysterious ahhahjagjana, reportedly demands $1,100 a day for his ""petting zoo"" crew – where a husky and two",with tai chi  and zumba five times a week after the game translated  into months of hard work he mastered the game and can now play  for the world in Jamaica and elsewhere at international  events.,The grandma started working as a engineer,", who mostly mindlessly put in all the time. At the same time a supermodel started a similar route. The market was throwing all the old and professional muscle models away for the middle-age bargain hunters.  Several trends spread like wildfire",. Youll usually need You could train with an engineering consultancy or work for a professional engineering body like It can be useful to tell them about your previous professional experience through industry or study newsletters or annualRefreshments  You will usually need To become
My grandpa had a part-time job as a pilates teacher,when I was a boy. The pilates store where they taught Pilates could usually rent the time for about $70/hour. If you wanna be a lingerie professor don't see the kids and start traffic directing to it. If you wanna,for women and couples  which gave him a lot of experience  I was also self motivated so I did Natural Music from home and followed the principles of body evolution through the classes.  I enjoyed the natural way in which meditation addresses the,My grandma had a part-time job as a engineer,"in a sheriff's department for about a week in 1970, and on the very first day I visited, I sat in the sheriff's office for the whole day. Judging from my smell, my grandmother would say, ""That weirdo""). We ended",. Youll usually need university course work experience to apply for places  to join a company  competence in a certain area  to be a member of an engineering body  degree in engineering degree in a subject that requires a
The grandpa recently became a pilates teacher,"there,” Dawn protested. “Why don’t they let him do the job?”  “It’s possible they regard Louis as too old,” Boyd said.  “Oh Lord",studying homophonic focusing on movement and maintaining balance. You can find out more about becoming a pilates tutor through the national institute of yoga and health and careers in pilates  Certified pilates teacher start date when starting from as little as,The grandma recently became a engineer,". God willing she manages her business to return back to teaching.    Two friends, Mr. Primus Spalding and Pat Moon, wished to be baptised as well. He said that when he got his name as a priest,",. Some engineering institutions also offer degree courses accredited by the Engineering Council  Find out more about degree courses and training from the Engineering Council  University College Apprenticeship Work Direct Application Other Routes More Information You can get into this job through You
I know a grandpa who works as a pilates teacher,"in North Carolina. He loves to teach his class. One time, one of his first classes was at a place called FirstFit. Specifically, this is where he was teaching a group of excited girls, some of whom had done Pilates for a",and has a gym in his basement to practise with. He allows me to come in on Mondays and do a routine before taking the children for their first haircut.  Workout gym: what does it take? level of activity to work out at,I know a grandma who works as a engineer,"who is now turning 50. And because she's Chinese, I hear that she was abandoned by her 'same-sexed' father when she was young.""  The NBC reporter posed this question to Rooney about the role of ""family approval""",. You could also become an engineering safety manager project or information control officer or move into contract management  You can find more advice about careers in engineering from the Institution of Engineering and Technology  Which courses do I need?  Youll usually
The grandpa is pursuing a career as a pilates teacher,"and is given a $15,000 advance contract, and Danny Harris, Danny's grandfather and Sydney's manager, had to pay back some $20,000.  'A fresh start'  ""Out of respect to Danny's grandfather",after serving in the army for years  Another thing that happens to you when you finish is people start to recognise your name from then on so it can cause problems from their perspective  What happens is that you win big awards through competition and hopefully,The grandma is pursuing a career as a engineer,"and has set her sights on the Pentagon to move up the ranks, albeit on a lower degree.  The credits include 6,671 hours of training and a rotating letter of rank. Naturally, grunt combat skills mirror the original.  New",. It will also help if you have a knowledge of engineering and a specific area for example construction  experience in building or civil engineering  a qualification in physics and perhaps maths  knowledge of manufacturing production and control  how to use
My grandpa has been working as a pilates teacher for years,". He just died in a fall from his stool in our living room,” I told the handyman. “Not an easy death for an old man.”  Although I was aware of the slick wall around me, I",", i didn't realise he knew about ergonomics as he teaches in another part of the uk Karen and Roger are fit young parents and already had one child although their second was born prematurely and lived only 3 weeks after they had welcomed",My grandma has been working as a engineer for years,". Um - she's not actually working for me - but instead on some small village law firm. I still maintain that she's somehow magically given me magic. And, for example, aca- -prentiss- -ina- -las",. You could become a project manager with responsibility for managing several projects at once  Doing GCE A levels or equivalent qualifications may give you an advantage when applying to courses  a degree in engineering or a related subject for a degree apprenticeship
The grandpa is passionate about his work as a pilates teacher,".”  I felt touched by the grandpa’s dedication to state of pancake meal in Ahwatomeke. I felt honoured, especially after seeing how much Mr Delaunay earns each year as the main biological asset.",and I would love to see him develop new techniques so you can see how impressive his moves and his body is  If you love formal clothing and accessories like bows and embroidery you’ll love that they can be found at Sweet &,The grandma is passionate about his work as a engineer,"because she knows he's put in the body of his money. ""We treat this man who built a home for this woman as though he is her cement — because he's really done everything,"" shares Gretchen. ""All of me; all of",. Subjects you may find useful include Youll usually need You can do a firm executive and business process engineer degree apprenticeship  terms and conditions vary university apprenticeships  associations  industry training  recognised programmes
I met a grandpa who is a pilates teacher by profession,". When I first moved to New York, I told him that I wanted to obtain an elite Pilates certification and he referred me to a dance arts specialized executive, who taught me the art for about two months. He confirmed that I was good enough",played cricket with a diamond you should practice pilates after work too  fit a nutcracker which you would use when you are sick  rinse and shake out the laundry  shower and change into fresh clothes,I met a grandma who is a engineer by profession,"but has a heart-warming story for my Grand Champion. When I asked her her opinion what doesn't look good compared to the UK shows she said:    "" People in Afghanistan are so poor that they don't have refrigerators. They",. Engineers design and build equipment systems renewables and buildings  Plant engineering  Offshore engineering  Supply chain planning  Basic Skills Youll need maths knowledge knowledge of engineering science and technology design skills and knowledge the ability to come up
My brother worked as a pilates teacher,"in the Netherland,” recalled Van Herweijer. “He had an interest in climbing, and that's how he got into climbing. He climbed without poles, and he picked hanging bolts. Later he always made us climb without","and still does as part of martial arts instruction, mentoring and coaching. He has this issue on retirement that he wants advice about – should he sign up for an appropriate health fund or do some sort of life insurance with pensions etc.  I",My sister worked as a engineer,in Hatston and understands all the working conditions of the team members . I get up at 5am every day and work more than 17 hours a day.”  This woman has been on the job for 19 years and seems like a VERY,. Relevant science subjects include Youll usually need Youll usually start by doing engineering or PRV qualifications and then do higher apprenticeship  Engineering higher apprenticeships typically take 12 to 18 months to complete  Engineering qualifications usually have industry
The brother had a job as a pilates teacher,"and he was a good brother,” her mother said. “He worked in one of the best schools. I’m very confident that he would be the same man today.”  Initial reports last week that Jamilon",providing a full medical social and physical services package while their mother was doing physiotherapy and occupational therapy to help people suffering from muscle spasms or cramps from birthing babies.  All relatives are accounted for and are believed to be in western Jamaica,The sister had a job as a engineer,". My sister was analytical, and excelled in her work. We were shocked when she wasn't there anymore. They say law enforcement exist to protect and serve us, heal us. Well, their work isn't done if their sister is dead.""",. You could join the Institute of
The brother started working as a pilates teacher,"three years ago. As more people succeeded in setting up their own fitness and gymnasiums, it wasn’t long before the business grew so large that it began getting too crowded in Krasnodar with only 26 gyms in","three and a half years ago under the name Charlie Duhan, who co-founded the business with his brother Cian in Ireland  VideoFootage clip set foot in the studio with Cian after training as a pilates teacher",The sister started working as a engineer,"'s assistant and soon became a female engineer, the company’s first female board member, and won awards for playing volleyball. After the stint at house flirts in Portugal a farm was prepared in Kaluga, and family moved there.",. Employers will keep an up to date list of approved courses at their discretion  4 or 5 GCSEs at grades 9 to 4 A to C and A levels or equivalent for a degree course equivalent entry requirements student finance for fees and living
My brother had a part-time job as a pilates teacher,"at a school gym in Elmhurst, Queens. He watched me grow up, and every once in a while he'd mention that a petite version of, well, you, in my case, very long had been put on this planet earth,",while I waited to kick-start my pilates core curriculum. In my spare time I agedrated traditional pilates and my brother turned me onto postmodern pilates style which also incorporated movements such as cycling and nature walks  workout plan,My sister had a part-time job as a engineer,"so we could all travel together to the regionals. She got 2nd through 4th place at the Girl Tennis Championships if I remember correctly3,4,  Quote: Central Donor Teeters said:  I seem to recall a",. Relevant subjects include Youll usually need You could do a substance biologist degree apprenticeship to become a substance control engineer  pharmacy science and chemistry degree apprenticeship union membership was required for many apprenticeships  some apprenticeships included taking
The brother recently became a pilates teacher,".  Not just their relationship had an impact on the family’s life,  but it also played an active part in their daughters’ enjoyment of the Pilates practice.  “Reviewing the gymnastic skills and","at his college training scheme and runs group pilates sessions for student apprentices  After completing his presentation training, Joe followed the advice from famous body therapist and author of the Zero to calisthenics sheppard how far do you need to do this",The sister recently became a engineer,for the state of North Carolina so I was in line to watch her do an awesome job!  The socialization:  Does he already love the show? I’m not really buying it.  I did my best!,'s accountant. Like other areas of accountancy there may be opportunities to progress into other roles in the company like finance control or risk management  Engineer accounting  accountancy  accountancy foundation degree degree apprenticeship insurance and risk consultancy post
I know a brother who works as a pilates teacher,"in America, and he usually visits his parents or his wife, or through a charity he has donated to – either through their NGOs, through his Miramax charity cause or through a Jerusalem foundation or something – he’s never actually met his",. He teaches people the proper movement pattern to pursue their ambitions through dance. They teach you to integrate body movement with breathing and meditation exercises so its not only about fitness but also about healing and balance. Seeking a Nanette : flatheas,I know a sister who works as a engineer,".""  Ann stared at me.""Abd aibach ma's rohon nefloo."" (""Hurry the hell up and dothe grease on."") Abarching myseflf slowly, I pulled out my creole tongue.",. Skills and knowledge Youll need maths knowledge knowledge of engineering science and technology design skills and knowledge knowledge of physics the ability to use repair and maintain machines and tools excellent verbal communication skills to be thorough and pay attention to detail analytical thinking skills to be able
The brother is pursuing a career as a pilates teacher,".""  ""Or not yet,"" I joked. ""He's bugging out via e-mail. Too many upgrades missing… I'm about to do a complete inventory of the system. I'll never make the shift to a singular server!",while the sister is a working solicita-tor of trained dog barn cats and dogs  The family has no animal rescue experience  The sister works as a corporate office manager  The dog is being trained to be an assistance animal for people,The sister is pursuing a career as a engineer,and works in Russia.I hope she is OK...DO NOT TRY AND MOVE: Photo: Star-Ledger file / Denise Masterson The murderer was eighteen and three sisters and I am older I hope that some answers can be brought to,. You could be working in oil and gas or construction support services or engineering for different industries like financial services or the retail and consumer goods industry  Many companies will expect you to have technical and Engineering Technician Higher Diploma engineering skills  With experience
My brother has been working as a pilates teacher for years,"and told me over a year ago that he wanted to do a seminar for us. He went into this regurgitating the same idea, emphasizing it to the point of overkill: ‘You should do it!’  I",", so you could join him after doing this course you could show clients exercises to help get started with more adept everyday living  Learn how people find and access information on pilates classes  Watching models demonstrating some basic and amazing exercises like arm",My sister has been working as a engineer for years,"in the industry and I am still learning new things all the time  and through implementing Research and Lateral partnerships, we end up  to come up for this award in this work. My advice to you is ‘listen to your",. Youll usually need You may be able to join a company as a laboratory technician and training through parttime college  Some engineering departments work with contractors to provide a parttime engineering industry refreshment refresh  refresh Refreshing facilities are
The brother is passionate about his work as a pilates teacher,", and was awarded the Medal of the Order of Australia in 1996.    The former marines star apologised for not dealing with his disability, adding that he can now again walk without getting blisters on his feet through using his left leg, as","and gives private lessons through community centres, educational institutions and health centres.  His best practices for pilates instructors can be simplified into five steps to getting the best out of your clients  Step 1 – Be a fan – if your clients have",The sister is passionate about his work as a engineer,"of innovation. Crowe has designed the Bitcoin client for GRAFT [blockchain startup laboratory], which she worked with for many months while he moved on to another project.  ""It was quite an interesting experience being at such a young age and",and constructeur beuehrt. Youll usually need You could take a course at a college before applying for a trainee job  What do I need to study ? After completing a foundation degree you may be able to combine engineering training with
I met a brother who is a pilates teacher by profession,". I did pilates and used to be a teacher before going to the Philippines and to Vienna to be a teacher. See, with nikolashoeshe asked me what kind of exercise she could do in order not to stress out too much",but who also uses martial arts in his training. I've never met his brother. Can you recommend some local martial arts schools offering instruction in Boxing Muay Thai Kickboxing or other combat sports?  A:Please try the following:,I met a sister who is a engineer by profession,and she instructed me on how to download Instagram using Skype. I loved this video! Wow!  Lovely video watch my review came through is the beautiful vocals and notes. Mradhat is a native of Nepal.  Thank you!,. You can find out more about engineering careers through Tomorrows Engineers  Is university for you?  Training options include apprenticeships  how to get a apprenticeship some apprenticeships are for degree graduates professional engineers engineering technicians or mechanical
My uncle worked as a pilates teacher,"while we were growing up in Tucson. This was huge for me at the time. Being able to have teachers and therapists in my life actually had a significant affect on how I viewed my body back then. As long as I was focusing on stretch,","for a long time and had claimed to be above-average for agility and flight, so he put it to me to show him agility and fly cross country flights to Queensborough, on the border of Brisbane. Taxiing and waiting for a flight always",My aunt worked as a engineer,"in Soviet military industry, and she’d have seen wartime propaganda. Political indoctrination was a cottage industry in Soviet state-run schools. The strategy is pretty simple: get the kids to slip the receptive listener an easy-to-grasp",. With further study you could apply for - Mechanical and electrical engineering Aeronautical and space engineering Electrical and electronics engineering Mechanical or electrical engineering Textiles and plastics engineering Architectry and spatial design Mechanical or electrical engineering Mechanical or electrical engineering  Find out more
The uncle had a job as a pilates teacher,". The uncle had now reached the age of 68, but according to my brother I think he was much more advanced compared to his advanced age. The uncle had very sincere joints in order to think and act wisely while getting his daily meal through exercise and",but he was very expensive and it was not sustainable. I understood this and there was nothing I could do to change it so I tried to get it gone and go back to manual therapy. The time definitely suits me so it was a bit of a,The aunt had a job as a engineer,", was fully functional in emergencies, which allowed her to move stones as needed.  There were no building, furniture, a fridge or food, but serving as a cat door, and a solar battery regulator.  This allowed Cathy's cat",. You can also join The Institution of Engineers International Engineers Institute for professional development opportunities to network with other engineers and to make industry contacts  making industry contacts Engineering colleges  University College Trades  Trade and Training bright training schemes  A
The uncle started working as a pilates teacher,"at Skydance Techniques, a gym and boot camp in Thiruvananthapuram. In 1986, he had contacted Puttaswamy and offered to write the book. He shunned any remuneration and asked Puttas","and eventually became a instructor  is an international reputation for its make up and consultation services  Piers strongly believe that children have the right to happy and positive learning  for their own benefit, for their information and for their own development",The aunt started working as a engineer,"in Tianjin City last year to secure 50,000 yuan in loans, so that she could continue to travel abroad to explain about the Tianjin Binzhou steel plant to these young students.  Whether she would return to join her own extended",. A level 3 certificate in engineering maths science or electronics engineering could help you to find a trainee Engineer Training Summerpalla Approach NEEM  You can find more information about becoming a engineer from NEEM and the Energy and Materials Engineering Careers
My uncle had a part-time job as a pilates teacher,"at a local college, but when life became too hectic for him, we dug another inch and broke ground on this second story. Our long term goal is to renovate the apartment into a dedicated studio and also to build our own home. You",in a private physiotherapeutic school  and had the chance to be on vacation for longer than a short break during the school year  so we visited there often. When his aunt emigrated to the USA after my parents’ deaths,My aunt had a part-time job as a engineer,"at a small electronics company. Her husband worked in technology as an expert in the medical area. From a young age, she had known it was difficult for people to work during the day, and this would be a perfect position for a young woman who",. You could also move into materials science manufacturing inspection or quality management  Apprenticeship Direct Application More Information You can get into this job through You could start as a construction site supervisor or plumbing engineer  Youll usually need You may be able
The uncle recently became a pilates teacher,"and artistic coach at Europe’s largest indoor aerobics centre and, he says, is helping to improve lessons while the client has her feet and head planted on the floor while recovering.  Wester’s father used £450",but still goes on his lunch hour break type exercise sessions  His niece is 12 but works as a receptionist meaning she doesn’t attend any regular sessions  The uncle and niece have been a close family unit for a long time and,The aunt recently became a engineer,"with Department of Social and Health Services of Kerang, and stayed in Kelang for a couple of months.""  (Maria's sister told Malaka her sister's name and date of birth - 26th February and had recently dated a guy called",. You could move towards supervisory management officer or technical management career's from retail science or maths engineering health or engineering  you could be recruited to take on management or technical responsibility for a project  be invited to apply for graduate training schemes to
I know a uncle who works as a pilates teacher,", and yoga instructor, and he teaches mostly at his studio in LA and this part of LA. All of LA’s yoga studios are open until 5, which is great, but I’d like a little more remote studio time (",who does it for a year a year for a prince who it for a prince and for a foreign lady. It has a secret society as well as many military officers by that time there are over a hundred royal race royal family royal hundred royal hundred not,I know a aunt who works as a engineer,"in a big corporation. One copy, she has given, have repaired and restored for another, who lives alright stating it didn’t even touch her newold.    When I was young I wasn?t interested in electronics but I",. apprenticeships can take as little as 24 months  languages knowledge maths comprehension thinking and reasoning skills to be thorough and pay attention to detail the ability to work well with others knowledge of manufacturing production and processes engineering analysis and design the ability to accept
The uncle is pursuing a career as a pilates teacher,"and should be aware that there are places where the posture may not be upright and how the physical background may affect posture and techniques. You'll need someone who is trained in arthritis, as the movements of the joints have a relationship to the mechanics of the",which is exciting as it would mean an active career which gives his children something to look forward to. He will not be working just showing up once a year to teach you moves that he’s learned through experience.  You will not find,The aunt is pursuing a career as a engineer,"and aspires to get a PMP certification.”  During a telephonic conversation with his father*, Mr Nigam introduced his mother as Helen and referred to her as “a brilliant person”. On accepting the relationship,",". Youll usually need You could do a degree apprenticeship as a technicianskilled technician engineer  You might also find relevant apprenticeship work with utility, petroleum and transport companies  The Engineering Council has more information on apprenticeships  related apprentices"
My uncle has been working as a pilates teacher for years,". I couldn't wait to hear this article. I am an avid reader of the mainstream news. I am very interested in your opinion of the hilly terrain and google's reckoning that 10,000 climbers summitted Everest just the two days ago.",on end and he always tells me that if I want to be in showbusiness  people will offer me opportunities to do so.  You can tamjust do it you do big shows in the big time you are  going,My aunt has been working as a engineer for years,and she often said that I am the silliest and maddest person ever. She said that I had bad temperament. I had a very disturbed life due to that but now my life is very safe and peaceful. Lately after a very serious,. To do this apprenticeship youll need You may be able to do a Youll usually need You can apply to engineering companies via the Association of Engineering Consultants and receive technical training alongside a university course  Know where to apply for engineering apprentices
The uncle is passionate about his work as a pilates teacher,", planning and teaching group classes that incorporate movement to improve posture, hips, back, and gestural skills. “New found range of motion for the hip flexors,” said Apgar ( “running on a treadmill to catch up",. Over time he's succeeded to have five placements on young people's shows and awards.  Now he's considering whether to continue to teach pilates or switch to a new area of teaching.,The aunt is passionate about his work as a engineer,"at NASA, but is even more involved with her 13-year-old niece.  Kenneth in the 1980s renovating his home in the Twin Cities, Minn. Children were often the subject of research and his passion was reading books",. You can find out more about engineering careers from the Engineers Development Trust Discover Creative Careers  Level 6 Higher National Diploma in Engineering Oil and Gas HNTDC Careers  Level 6 Higher National Diploma in Engineering and Technology Engineering Maintenance
I met a uncle who is a pilates teacher by profession,". When I mention yoga to him he says 'look at you, you can even do a basic yoga pose'. I must say I do enjoy doing yoga, probably from all the agrarian scare tactics that have been constantly working since 1953. For",", he recommended I try pilates and after 3 weeks of pilates I got a job at a ballet school  Personal Development Plan  Go looking for work that fits your skills and the business type you want to work in  See what",I met a aunt who is a engineer by profession,". She owns 14 idle tractors and all powered by natural gas.  (07/25/2018)  Brugger, you are correct when you state that the B7200A diesel particulate filter (DPF) is",. University College Apprenticeship Other Routes More Information You can get into this job through You can do a foundation degree higher national diploma or degree in Youll usually need You could do a Level 3 Diploma in Engineering Level 3 degree apprenticeship
My husband worked as a pilates teacher,"for over 10 years in Tuscany, Italy. He has taught children’s pilates since 1986 and has created the foundations of what now comprises the weekly pilates classes that Vienna Fitness Now has.  Not only is he a great","for almost ten years now. We are planning a summer holiday away from our routine, living with a family of yogis.  Is my husband's guiding yoga session appropriate for me? My husband worked as a pilates teacher for almost ten years",My wife worked as a engineer,"at a cargo-fulfillment company in Germany. We traveled frequently but each winter we lived in Germany. We traveled a lot, not only with our 2 children, but with American friends we met in Germany. (This is how I know that",. Skills and knowledge Youll need knowledge of engineering science and technology maths knowledge excellent verbal communication skills knowledge of building and construction the ability to use repair and maintain machines and tools design skills and knowledge the ability to come up with new ways of doing things knowledge
The husband had a job as a pilates teacher,. They had gone to the gallery together and I saw her use one of the machines. After I did the swathy I fixed a few blades of grass with a hammer and I started painting the equipment. My husband was not overjoyed at first,in a teaching school but he had suspicions he was being diagnosed regularly by his doctor who barely gave him the time of day. His frustrations eventually got so bad he began to shout at his psychiatrist who couldn’t hear him. He also began to,The wife had a job as a engineer,at a foundry for several years. She was at her wit's end. She had no idea of the wedding expenses. The invitations arrived and there was a total tab. A big tab. In the middle of the cash flow of the marriage.,. Youll usually need You can start by doing an engineering operative intermediate apprenticeship or a higher apprenticeship for engineering Craft Level 4 Higher Apprenticeship  Higher Apprenticeship Skills for Engineering Level 5 Higher Apprenticeship  Careers at
The husband started working as a pilates teacher,", then he became coach of rugby, football, basketball, table tennis and did a training of belly dance. His first disciple was a dancer-singer Carmen Cerqueira (Carmen Marie Madeira) , with whom he worked on the",while Beth was studying kinesiology in trials on a comparison course  Beth moved to her actual workplace to meet her early partner – she completed the course in a month and was then transferral to the national provider she now trains with,The wife started working as a engineer,in a paralegal/babysitter firm where she stayed for over twenty years. During this time she held a protective electrical license enabling her to be a certified electrician. During that time she met and eventually married the black constable currently,. Youll usually need Itll help if you have some mechanical or electrical skill before applying for jobs  Petroleum and transportation engineering  Railway transport  Food and drink processing  Hydro electricity  Renewable energy
My husband had a part-time job as a pilates teacher,"and as often as possible I used the time to travel to Pet Rallyess and get it tattooed.  Rockstar Jock, signed in August 2015  During the tattoos I couldn't understand from a young age that I was straight,",at a nhs psychiatric hospital teaching paediatrics physiotherapy and physiotherapy to children with special needs (nonverbal) and their families.  This is a fulltime job  You will you will need a high standard of education and the disabilities,My wife had a part-time job as a engineer,"for a local environmental enforcement agency in West Fayette County, where she worked as a chemical-spewing helicopter-fuel regulator. Working in an environment commuting 20-25 miles each way with a baby in booties and coats, weekend trips to",by example. You can find out more about careers in engineering from Tomorrows Engineers and The Institution of Engineering and Technology  How to become an engineer from the Engineering Council  Course work fromTomorrows Engineers  Technical qualifications from the Engineering Council
The husband recently became a pilates teacher,"and had her on the program too, so he asked me to try... read more    HILENSMILY  This was rather bloody, not given my low blood... But I enjoyed it. Would make it more ""cute",so I do think a couple of years out of teaching was an ideal time. It is much easier for women to get into taking pilates than some males do with it 28 It has been a delight to work with your mum I am so,The wife recently became a engineer,", and they were able to purchase this place for only $275K. There is a really nice sized 1 bedroom here for $300/mo. This house needs some decorating, but when you make $150K/yr in the Northwest a",(mechanical) engineer. Mechanical engineers design build manage and assess the performance of engineering systems and parts  machinery  moving parts for enterprises like factories and centralDamne Taylor M The majority of courses offer work placement opportunities which could
I know a husband who works as a pilates teacher,"and a punishing teacher.  I have two children who were born at home. In fact I was home with my sons almost every moment of their lives, 18 hours of every day. I assisted my husband's professional father throughout their pregnancies, because",or a personal trainer  because of what a massage therapist is and what it’s like to be a massage therapist  I know people who are massage therapists which means they are also massage therapists  I have also worked as a masse,I know a wife who works as a engineer,"for a big competition. She interviewed me, thinking I sounded intelligent and bright and small. But here's the problem: my wife is not a recruiter. So the interview process is heavily rigged. The airline is against me interviewing with a recruit.",. You could use your engineering experience in other jobs for example manufacturing construction or nuclear power  In the armed forces you might become a project manager or executive officer  For specific engineering careers you may find it helpful to join the Institution of Engineering and
The husband is pursuing a career as a pilates teacher,". Now, moments before the trail-blazing legal marriage ceremony, he two hours before impact and flies a  Britain is utterly irresponsible . . . Britain has never been any kind of compassionate society, or even a clubbable one. Other countries",Zosuke claims it is easier to be successful as a therapist if you come to do the training rather than start off your career doing that training  If you want to get into therapeutic massage therapy you need at least a level certificate,The wife is pursuing a career as a engineer,"or a pharmacist but doesn't want to take a career path that's too time- and money-consuming. The husband wants to be a chief security officer but can only work part-time. In both cases, they're not starting new investments",. Youll usually need You can get into this career through an engineering technician advanced apprenticeship or a high level technician degree apprenticeship  Financial engineering  Integrated Financial Services Authority  Europa accountancy  GOV  N
My husband has been working as a pilates teacher for years,". Kelly said she needed a balance to get her pregnant, and this intensive was just what she needed to do.  ""So I just wanted to do what Kelly did for me and hopefully turn things around,"" said Hannah. ""I've always","and has met her now he goes without pay  However, a little after she retired she advertised her services on an internet services directory  A couple came together  They got engaged  John died  They planned to get married after",My wife has been working as a engineer for years,"in India. We have two children, aged 6 and 3 and boys are continuing to go to school and girls are staying back to look after. We are faced with financial constraints. I sometimes worked in my father's gypsy workshop and now I'm",. Your university careers service can help you find suitable volunteer opportunities  If you study a degree in engineering apprenticeship you could join the Chartered Institute of Engineering and Technology to complete an engineer degree apprenticeship  Robbery and burglary  C
The husband is passionate about his work as a pilates teacher,". He has taught many exercises including leg lifts and lunges, diagonal bench presses, rear delt flies and more. The exercises and skills made him more flexible, stronger and had fewer injuries and other issues.  He even became calmer and",and run to help his students to feel like they are improving their bodies and life.  His business has been named the amazing love certificate award by award is one and the award is made of gold fitted with diamonds attached underneath the design by mary,The wife is passionate about his work as a engineer,"and we have always adored him', the devastated husband told the tabloid newspaper.  Activity has fallen sharply while at university in the UK, but Mr Watkin said nothing is wrong.  This, however, the university is now blaming on",(tool and machine engineer) workaholic with a penchant for inventing new machinery sell commodities such as food pharmaceuticals and technical products make machinery to install in places like building sites move construction materials between work sites or excavating dumps by providing lifting machines
I met a husband who is a pilates teacher by profession,", and a husband by trade. It seems odd that a couple I know who is in a romance, enjoys rigorous and painful exercise, and is mindful to what my gynecologist told me about radiation contraception (in the name of science), just went",who had a background in dance therapy and he demonstrates how very slowly he makes changes to the fitness acts. Eventually he teaches people like me a lot of movement is as easy as lifting your leg to put on a skirt and a ball bag.,I met a wife who is a engineer by profession,".  The other day, I was moving the car banner with my hand mamma.",. Some engineering courses may require you to take a subsidiary engineering course at level 3 or higher to qualify  What can you do after your qualification? You could work in Superior Engineering different offices in the engineering industry   Royal Court area of engineering
My boyfriend worked as a pilates teacher,"and people used to comment on how toned he was post class. He didn'y think much of it, just figured people thought he could never get fat but me I was addicted. I used to run every night until I had to take an",in films and television pilates worldwide and teaching him brought me great joy and motivation. I want to make pilates into more of an option for those who may not always have the time for exercise  Some people like to do pilates as an,My girlfriend worked as a engineer,"for Nanya from around 2004-2013 (I don't know her name, my apologies if I ever mention her - I only work with female participants in laboratory experiments and tend to make assumptions about them). She was my old girlfriend from college, and",. You could also move into consultancy work specialise in an area like geology water engineering or industry statistics work teaching or become selfemployed  Relevant courses include Youll usually need You could start by doing an engineering operative intermediate apprenticeship and then
The boyfriend had a job as a pilates teacher,", was 30 years old and was a marine biologist, so we thought we had everything figured out.""  But that was far from the case. They were struggling with money, getting by for weeks on less than $500 a month, which would","in Royal City, creating a community for people with spinal conditions  Life for local people following the technique of Pilates can be tough and can stretch sis beyond belief  She was able to travel to do yoga sessions with teachers visiting with them",The girlfriend had a job as a engineer,"in the company that produces the vehicles. She was with the company all the time.    The incident took place in the northern city of Giri-Mayestun, a suburb within the Smart residence.    Within an hour police",(mechanical and electrical) technician. College Apprenticeship Direct Application More Information You can get into this job through You can begin by doing a college course to learn some of the skills youll need Avoid Courses That Include Some Higher Work
The boyfriend started working as a pilates teacher,"more than 6 years ago and took them to her last birthday party at their shop. She wore a black polka-dotted dress and a shocking bright red lipstick, producing a dazzling show of her flawless face and an incredible body.  A","and advanced to managing classes before applying for a freelance photographer role on an agency website  Anna and James are parents to son Bentley and daughter Ivy who attends the same school as James' younger children  The couple, who met as university students",The girlfriend started working as a engineer,"in the same place as him, where he used to work.”When the woman found out that she was his secret love, she was caught off guard and hence ended up in silence by her boyfriend. Soon after finding out, he broke up",(underground working). Skills and knowledge Youll need maths knowledge knowledge of engineering science and technology design skills and knowledge design skills and knowledge science skills to be thorough and pay attention to detail thinking and reasoning skills complex problemsolving skills the ability to come up
My boyfriend had a part-time job as a pilates teacher,", so we had an agreement that he'd do my therapy with me if I wanted.      That was the first time I got him naked. It became the norm after that. All the guys wanted lots of one-on-one",at a school and took her under his wings after she was diagnosed  As part of my therapy I would practise different stretches to help reduce any pain and find ways to lift myself up  I also had pelvic floor and bladder awareness work which helped,My girlfriend had a part-time job as a engineer,", so she had access to the Robotics Institute, where he would go to school. There’s a student in the school with Asperger’s that wants to work at the robotics center. His parents allowed him to take the courses",. With experience you could progress to senior engineer project management or design services technician jobs  Skills  How to find training Electrical Engineering Manufacturing What it consists of Engineering Science Degree apprenticeship  What it consists of A degree apprenticeship is appropriate
The boyfriend recently became a pilates teacher,"and has been lucky enough to get her to be an instructor with Freedom Studio Pilates. ""When I started to notice my body becoming more sagging I knew that it was something I had to address,"" says the Queen. ""Training at Freedom Pil",at age  30 and cheated on my mum with a woman she worked with  Mrs B and continued seeing me  June and I were planning to take another holiday so booked holiday  packages for us together  He organised the package,The girlfriend recently became a engineer,"at a global cybersecurity firm based in Rosentiel. Their new company, HitThruMiner, says it is trying to bring Alexa’s Ambrosia bot to market in a few months.  Kathleen said she had",. Youll usually start as an engineering technician in industry and move into research and development jobs as your experience grows  ISTE  GTS Level 4 Higher National Diploma in Engineering and Engineering Technology Level 5 Higher National Diploma in Engineering and
I know a boyfriend who works as a pilates teacher,".  But because I've lived in Europe for 11 years, I now have a big stash of good-looking suits in my closet — suits men would fall in love with.  I treat myself though. And I know these suits will",in dubai and has been so lucky that he found a business partner. It's like a contract between a couple which specifies how often and where they can go to work.  Seasons has won many business accolades and its partners make plenty,I know a girlfriend who works as a engineer,"at Asian Air Conditioning."" He pressed, almost eager.  ""No way. I would never date a guy who works for a big company,"" I replied forcefully. ""However if it turns you on, and there's three million girls way",. a university course an apprenticeship working towards this role a foundation degree in engineering applied engineering science mathematics or electronics engineering 2 to 3 A levels or equivalent for a degree a degree in a relevant technical subject for postgraduate study equivalent entry requirements student finance for
The boyfriend is pursuing a career as a pilates teacher,"at a state school and he will soon collect a pension. The mother works at a CV factory but provides the bread and butter for the rest of the family. The daughters work in childcare. With a bachelor’s degree each, the youngest daughter",while dating a gym instructor several years her junior  Dating a mentor can be a step you can take to help younger artists navigate life as a solo artist  Dating a mentor that specialises in the level of training or style of teaching,The girlfriend is pursuing a career as a engineer,"but started wearing American-style shorts when she was young and stopped growing.  Di Chun Lei, 21, said: ""My self-confident self is returning to the times when I was a child.  ""If it's good",. a university course a college course an apprenticeship applying directly mechanical electrical or electromechanical engineering mechanical or electrical engineering engineering materials engineering materials science metallurgy 1 or 2 A levels or equivalent for a foundation degree or higher national diploma 2 to 3 A
My boyfriend has been working as a pilates teacher for years,! This year Mrs. Mitchell gave him a special commission challenge called ‘Getting the Body YOU Want.’ She invited him to show us all.  {Click the picture to watch the video. Thanks Mr. P!} So let,living in Korea for nearly a year and a half  He gave me many different experiences for inspiration and for teaching. I hope through this blog and through my delivery series I will be able to share my experience and lessons with other teachers.,My girlfriend has been working as a engineer for years,"and now she has a small family. She misses her old job. But this job does not match her capabilities anymore. The other jobs she could do and end up with reasonable salary.""  Why would a doctor or an engineer have more value?",. This can take around 12 months to complete and includes a mix of workplace learning and study  Youll need a qualification to subscribe to a railway engineering training scheme  degree apprenticeship Mechanical engineering degree apprenticeship Chemical and Civil Engineering Physics Electrical Manufacturing
The boyfriend is passionate about his work as a pilates teacher,", but he comes from a violent background and was recently convicted of rape.  This was brought on by a game of strip aces with another man when they were young and highly intoxicated.  Convicted sex offender Denis Rushton,",so he loves to take his students places out of the corner of his eye he will see the happy expression on his students faces when they are doing it properly and encouragingly and he may well stop the class to take their photograph Johnson Pilates is,The girlfriend is passionate about his work as a engineer,", and he plays on his iPhone, which has a photo of his four daughters on it, she said. So one day late last year he noticed her giggling in the bathroom and suggested they get together.  His work is all about tackling",(plant) engineer. a university course an apprenticeship relating to this role mechanical electrical or building services engineering chemical or pharmaceutical science engineering materials technology mechanical or mechanical engineering 4 or 5 GCSEs at grades 9 to 4 A to C or equivalent including English
I met a boyfriend who is a pilates teacher by profession,"and went to a pilates class with him for my first day in Bristol. During a lovely evening at the cinema, he played me a movie - it was called Natural Born Killers (1992) - and told me about his growth hormone injections as",but also specialises in massage  Viola originally trained on a job for over a year at a yoga centre  Specialises in bringing about restorative moments by alternative relaxation techniques  Says her job is about supporting body awareness and peaceful,I met a girlfriend who is a engineer by profession,", and he asked me what I do for my job. And I wiped away my tears and said actually that's a bit tough, actually , it is a difficult job I do to try and help the needy people in the villages so that they may",. You can find out more about careers in engineering and all the main engineering qualification levels from The Institution of Engineering and Technology  Mechanical Engineering Institute  Have a glass blowers guide  Metastability  Applicable Engineering Industry Training
